<?xml version="1.0" encoding="UTF-8"?>
<!DOCTYPE plist PUBLIC "-//Apple//DTD PLIST 1.0//EN" "http://www.apple.com/DTDs/PropertyList-1.0.dtd"/>

<plist version="1.0">
    <dict>
        <key>ROOT</key>
        <array>
            <dict>
                <key>id</key>
                <string>1954</string>
            </dict>
            <dict>
                <key>id</key>
                <string>1963</string>
            </dict>
            <dict>
                <key>id</key>
                <string>2010</string>
            </dict>
            <dict>
                <key>id</key>
                <string>2019</string>
            </dict>
            <dict>
                <key>id</key>
                <string>2028</string>
            </dict>
            <dict>
                <key>id</key>
                <string>2063</string>
            </dict>
            <dict>
                <key>id</key>
                <string>2072</string>
            </dict>
            <dict>
                <key>id</key>
                <string>2081</string>
            </dict>
            <dict>
                <key>id</key>
                <string>2120</string>
            </dict>
            <dict>
                <key>id</key>
                <string>2129</string>
            </dict>
            <dict>
                <key>id</key>
                <string>2174</string>
            </dict>
            <dict>
                <key>id</key>
                <string>2191</string>
            </dict>
            <dict>
                <key>id</key>
                <string>2200</string>
            </dict>
            <dict>
                <key>id</key>
                <string>2223</string>
            </dict>
            <dict>
                <key>id</key>
                <string>2232</string>
            </dict>
            <dict>
                <key>id</key>
                <string>2289</string>
            </dict>
            <dict>
                <key>id</key>
                <string>2298</string>
            </dict>
            <dict>
                <key>id</key>
                <string>2307</string>
            </dict>
            <dict>
                <key>id</key>
                <string>2316</string>
            </dict>
            <dict>
                <key>id</key>
                <string>2348</string>
            </dict>
            <dict>
                <key>id</key>
                <string>2357</string>
            </dict>
            <dict>
                <key>id</key>
                <string>2366</string>
            </dict>
            <dict>
                <key>id</key>
                <string>2375</string>
            </dict>
            <dict>
                <key>id</key>
                <string>2384</string>
            </dict>
            <dict>
                <key>id</key>
                <string>2393</string>
            </dict>
            <dict>
                <key>id</key>
                <string>2542</string>
            </dict>
            <dict>
                <key>id</key>
                <string>2551</string>
            </dict>
            <dict>
                <key>id</key>
                <string>2560</string>
            </dict>
            <dict>
                <key>id</key>
                <string>2569</string>
            </dict>
            <dict>
                <key>id</key>
                <string>2578</string>
            </dict>
            <dict>
                <key>id</key>
                <string>2611</string>
            </dict>
            <dict>
                <key>id</key>
                <string>2620</string>
            </dict>
            <dict>
                <key>id</key>
                <string>2629</string>
            </dict>
            <dict>
                <key>id</key>
                <string>2638</string>
            </dict>
            <dict>
                <key>id</key>
                <string>2647</string>
            </dict>
            <dict>
                <key>id</key>
                <string>2656</string>
            </dict>
            <dict>
                <key>id</key>
                <string>2665</string>
            </dict>
            <dict>
                <key>id</key>
                <string>2674</string>
            </dict>
            <dict>
                <key>id</key>
                <string>2683</string>
            </dict>
            <dict>
                <key>id</key>
                <string>2692</string>
            </dict>
            <dict>
                <key>id</key>
                <string>2701</string>
            </dict>
            <dict>
                <key>id</key>
                <string>2710</string>
            </dict>
            <dict>
                <key>id</key>
                <string>2719</string>
            </dict>
            <dict>
                <key>id</key>
                <string>2728</string>
            </dict>
            <dict>
                <key>id</key>
                <string>2737</string>
            </dict>
            <dict>
                <key>id</key>
                <string>2746</string>
            </dict>
            <dict>
                <key>id</key>
                <string>2755</string>
            </dict>
            <dict>
                <key>id</key>
                <string>2764</string>
            </dict>
            <dict>
                <key>id</key>
                <string>2773</string>
            </dict>
            <dict>
                <key>id</key>
                <string>2782</string>
            </dict>
            <dict>
                <key>id</key>
                <string>2791</string>
            </dict>
            <dict>
                <key>id</key>
                <string>2800</string>
            </dict>
            <dict>
                <key>id</key>
                <string>2809</string>
            </dict>
            <dict>
                <key>id</key>
                <string>2818</string>
            </dict>
            <dict>
                <key>id</key>
                <string>2827</string>
            </dict>
            <dict>
                <key>id</key>
                <string>2836</string>
            </dict>
            <dict>
                <key>id</key>
                <string>2845</string>
            </dict>
            <dict>
                <key>id</key>
                <string>2889</string>
            </dict>
            <dict>
                <key>id</key>
                <string>2898</string>
            </dict>
            <dict>
                <key>id</key>
                <string>2929</string>
            </dict>
            <dict>
                <key>id</key>
                <string>2983</string>
            </dict>
            <dict>
                <key>id</key>
                <string>2993</string>
            </dict>
            <dict>
                <key>id</key>
                <string>3004</string>
            </dict>
            <dict>
                <key>id</key>
                <string>3076</string>
            </dict>
            <dict>
                <key>id</key>
                <string>3085</string>
            </dict>
            <dict>
                <key>id</key>
                <string>3095</string>
            </dict>
            <dict>
                <key>id</key>
                <string>3105</string>
            </dict>
            <dict>
                <key>id</key>
                <string>3114</string>
            </dict>
            <dict>
                <key>id</key>
                <string>3123</string>
            </dict>
            <dict>
                <key>id</key>
                <string>3132</string>
            </dict>
            <dict>
                <key>id</key>
                <string>3141</string>
            </dict>
            <dict>
                <key>id</key>
                <string>3150</string>
            </dict>
            <dict>
                <key>id</key>
                <string>3159</string>
            </dict>
            <dict>
                <key>id</key>
                <string>3168</string>
            </dict>
            <dict>
                <key>id</key>
                <string>3180</string>
            </dict>
            <dict>
                <key>id</key>
                <string>3190</string>
            </dict>
            <dict>
                <key>id</key>
                <string>3205</string>
            </dict>
            <dict>
                <key>id</key>
                <string>3214</string>
            </dict>
            <dict>
                <key>id</key>
                <string>3235</string>
            </dict>
            <dict>
                <key>id</key>
                <string>3282</string>
            </dict>
            <dict>
                <key>id</key>
                <string>3291</string>
            </dict>
            <dict>
                <key>id</key>
                <string>3300</string>
            </dict>
            <dict>
                <key>id</key>
                <string>3311</string>
            </dict>
            <dict>
                <key>id</key>
                <string>3320</string>
            </dict>
            <dict>
                <key>id</key>
                <string>3329</string>
            </dict>
            <dict>
                <key>id</key>
                <string>3338</string>
            </dict>
            <dict>
                <key>id</key>
                <string>3349</string>
            </dict>
            <dict>
                <key>id</key>
                <string>3358</string>
            </dict>
            <dict>
                <key>id</key>
                <string>3368</string>
            </dict>
            <dict>
                <key>id</key>
                <string>3378</string>
            </dict>
            <dict>
                <key>id</key>
                <string>3387</string>
            </dict>
            <dict>
                <key>id</key>
                <string>3413</string>
            </dict>
            <dict>
                <key>id</key>
                <string>3422</string>
            </dict>
            <dict>
                <key>id</key>
                <string>3482</string>
            </dict>
            <dict>
                <key>id</key>
                <string>3492</string>
            </dict>
            <dict>
                <key>id</key>
                <string>3502</string>
            </dict>
            <dict>
                <key>id</key>
                <string>3511</string>
            </dict>
            <dict>
                <key>id</key>
                <string>3521</string>
            </dict>
            <dict>
                <key>id</key>
                <string>3530</string>
            </dict>
            <dict>
                <key>id</key>
                <string>3539</string>
            </dict>
            <dict>
                <key>id</key>
                <string>3605</string>
            </dict>
            <dict>
                <key>id</key>
                <string>3615</string>
            </dict>
            <dict>
                <key>id</key>
                <string>3624</string>
            </dict>
            <dict>
                <key>id</key>
                <string>3635</string>
            </dict>
            <dict>
                <key>id</key>
                <string>3644</string>
            </dict>
            <dict>
                <key>id</key>
                <string>3653</string>
            </dict>
            <dict>
                <key>id</key>
                <string>3685</string>
            </dict>
            <dict>
                <key>id</key>
                <string>3694</string>
            </dict>
            <dict>
                <key>id</key>
                <string>3703</string>
            </dict>
            <dict>
                <key>id</key>
                <string>3712</string>
            </dict>
            <dict>
                <key>id</key>
                <string>3750</string>
            </dict>
            <dict>
                <key>id</key>
                <string>3759</string>
            </dict>
            <dict>
                <key>id</key>
                <string>3768</string>
            </dict>
            <dict>
                <key>id</key>
                <string>3777</string>
            </dict>
            <dict>
                <key>id</key>
                <string>3786</string>
            </dict>
            <dict>
                <key>id</key>
                <string>3795</string>
            </dict>
            <dict>
                <key>id</key>
                <string>3804</string>
            </dict>
            <dict>
                <key>id</key>
                <string>3824</string>
            </dict>
            <dict>
                <key>id</key>
                <string>3833</string>
            </dict>
            <dict>
                <key>id</key>
                <string>3879</string>
            </dict>
            <dict>
                <key>id</key>
                <string>3889</string>
            </dict>
            <dict>
                <key>id</key>
                <string>3900</string>
            </dict>
            <dict>
                <key>id</key>
                <string>3901</string>
            </dict>
            <dict>
                <key>id</key>
                <string>3911</string>
            </dict>
            <dict>
                <key>id</key>
                <string>3921</string>
            </dict>
            <dict>
                <key>id</key>
                <string>3923</string>
            </dict>
            <dict>
                <key>id</key>
                <string>3958</string>
            </dict>
            <dict>
                <key>id</key>
                <string>3967</string>
            </dict>
            <dict>
                <key>id</key>
                <string>3976</string>
            </dict>
            <dict>
                <key>id</key>
                <string>3985</string>
            </dict>
            <dict>
                <key>id</key>
                <string>3995</string>
            </dict>
            <dict>
                <key>id</key>
                <string>4004</string>
            </dict>
            <dict>
                <key>id</key>
                <string>4014</string>
            </dict>
            <dict>
                <key>id</key>
                <string>4023</string>
            </dict>
            <dict>
                <key>id</key>
                <string>4033</string>
            </dict>
            <dict>
                <key>id</key>
                <string>4042</string>
            </dict>
            <dict>
                <key>id</key>
                <string>4051</string>
            </dict>
            <dict>
                <key>id</key>
                <string>4061</string>
            </dict>
            <dict>
                <key>id</key>
                <string>4070</string>
            </dict>
            <dict>
                <key>id</key>
                <string>4080</string>
            </dict>
            <dict>
                <key>id</key>
                <string>4089</string>
            </dict>
            <dict>
                <key>id</key>
                <string>4098</string>
            </dict>
            <dict>
                <key>id</key>
                <string>4107</string>
            </dict>
            <dict>
                <key>id</key>
                <string>4116</string>
            </dict>
            <dict>
                <key>id</key>
                <string>4126</string>
            </dict>
            <dict>
                <key>id</key>
                <string>4135</string>
            </dict>
            <dict>
                <key>id</key>
                <string>4144</string>
            </dict>
            <dict>
                <key>id</key>
                <string>4154</string>
            </dict>
            <dict>
                <key>id</key>
                <string>4163</string>
            </dict>
            <dict>
                <key>id</key>
                <string>4172</string>
            </dict>
            <dict>
                <key>id</key>
                <string>4181</string>
            </dict>
            <dict>
                <key>id</key>
                <string>4190</string>
            </dict>
            <dict>
                <key>id</key>
                <string>4200</string>
            </dict>
            <dict>
                <key>id</key>
                <string>4210</string>
            </dict>
            <dict>
                <key>id</key>
                <string>4220</string>
            </dict>
            <dict>
                <key>id</key>
                <string>4229</string>
            </dict>
            <dict>
                <key>id</key>
                <string>4238</string>
            </dict>
            <dict>
                <key>id</key>
                <string>4247</string>
            </dict>
            <dict>
                <key>id</key>
                <string>4256</string>
            </dict>
            <dict>
                <key>id</key>
                <string>4265</string>
            </dict>
            <dict>
                <key>id</key>
                <string>4274</string>
            </dict>
            <dict>
                <key>id</key>
                <string>4283</string>
            </dict>
            <dict>
                <key>id</key>
                <string>4292</string>
            </dict>
            <dict>
                <key>id</key>
                <string>4301</string>
            </dict>
            <dict>
                <key>id</key>
                <string>4302</string>
            </dict>
            <dict>
                <key>id</key>
                <string>4311</string>
            </dict>
            <dict>
                <key>id</key>
                <string>4321</string>
            </dict>
            <dict>
                <key>id</key>
                <string>4330</string>
            </dict>
            <dict>
                <key>id</key>
                <string>4375</string>
            </dict>
            <dict>
                <key>id</key>
                <string>4418</string>
            </dict>
            <dict>
                <key>id</key>
                <string>4428</string>
            </dict>
            <dict>
                <key>id</key>
                <string>4437</string>
            </dict>
            <dict>
                <key>id</key>
                <string>4446</string>
            </dict>
            <dict>
                <key>id</key>
                <string>4455</string>
            </dict>
            <dict>
                <key>id</key>
                <string>4464</string>
            </dict>
            <dict>
                <key>id</key>
                <string>4473</string>
            </dict>
            <dict>
                <key>id</key>
                <string>4482</string>
            </dict>
            <dict>
                <key>id</key>
                <string>4491</string>
            </dict>
            <dict>
                <key>id</key>
                <string>4500</string>
            </dict>
            <dict>
                <key>id</key>
                <string>4545</string>
            </dict>
            <dict>
                <key>id</key>
                <string>4554</string>
            </dict>
            <dict>
                <key>id</key>
                <string>4563</string>
            </dict>
            <dict>
                <key>id</key>
                <string>4616</string>
            </dict>
            <dict>
                <key>id</key>
                <string>4625</string>
            </dict>
            <dict>
                <key>id</key>
                <string>4628</string>
            </dict>
            <dict>
                <key>id</key>
                <string>4637</string>
            </dict>
            <dict>
                <key>id</key>
                <string>4646</string>
            </dict>
            <dict>
                <key>id</key>
                <string>4655</string>
            </dict>
            <dict>
                <key>id</key>
                <string>4675</string>
            </dict>
            <dict>
                <key>id</key>
                <string>4684</string>
            </dict>
            <dict>
                <key>id</key>
                <string>4693</string>
            </dict>
            <dict>
                <key>id</key>
                <string>4702</string>
            </dict>
            <dict>
                <key>id</key>
                <string>4757</string>
            </dict>
            <dict>
                <key>id</key>
                <string>4799</string>
            </dict>
            <dict>
                <key>id</key>
                <string>4809</string>
            </dict>
            <dict>
                <key>id</key>
                <string>4818</string>
            </dict>
            <dict>
                <key>id</key>
                <string>4827</string>
            </dict>
            <dict>
                <key>id</key>
                <string>4836</string>
            </dict>
            <dict>
                <key>id</key>
                <string>4845</string>
            </dict>
            <dict>
                <key>id</key>
                <string>4854</string>
            </dict>
            <dict>
                <key>id</key>
                <string>4863</string>
            </dict>
            <dict>
                <key>id</key>
                <string>4872</string>
            </dict>
            <dict>
                <key>id</key>
                <string>4882</string>
            </dict>
            <dict>
                <key>id</key>
                <string>4891</string>
            </dict>
            <dict>
                <key>id</key>
                <string>4900</string>
            </dict>
            <dict>
                <key>id</key>
                <string>4909</string>
            </dict>
            <dict>
                <key>id</key>
                <string>4924</string>
            </dict>
            <dict>
                <key>id</key>
                <string>4935</string>
            </dict>
            <dict>
                <key>id</key>
                <string>5014</string>
            </dict>
            <dict>
                <key>id</key>
                <string>5023</string>
            </dict>
            <dict>
                <key>id</key>
                <string>5076</string>
            </dict>
            <dict>
                <key>id</key>
                <string>5085</string>
            </dict>
            <dict>
                <key>id</key>
                <string>5094</string>
            </dict>
            <dict>
                <key>id</key>
                <string>5103</string>
            </dict>
            <dict>
                <key>id</key>
                <string>5112</string>
            </dict>
            <dict>
                <key>id</key>
                <string>5121</string>
            </dict>
            <dict>
                <key>id</key>
                <string>5130</string>
            </dict>
            <dict>
                <key>id</key>
                <string>5173</string>
            </dict>
            <dict>
                <key>id</key>
                <string>5174</string>
            </dict>
            <dict>
                <key>id</key>
                <string>5183</string>
            </dict>
            <dict>
                <key>id</key>
                <string>5192</string>
            </dict>
            <dict>
                <key>id</key>
                <string>5201</string>
            </dict>
            <dict>
                <key>id</key>
                <string>5210</string>
            </dict>
            <dict>
                <key>id</key>
                <string>5219</string>
            </dict>
            <dict>
                <key>id</key>
                <string>5228</string>
            </dict>
            <dict>
                <key>id</key>
                <string>5237</string>
            </dict>
            <dict>
                <key>id</key>
                <string>5246</string>
            </dict>
            <dict>
                <key>id</key>
                <string>5255</string>
            </dict>
            <dict>
                <key>id</key>
                <string>5265</string>
            </dict>
            <dict>
                <key>id</key>
                <string>5274</string>
            </dict>
            <dict>
                <key>id</key>
                <string>5286</string>
            </dict>
            <dict>
                <key>id</key>
                <string>5295</string>
            </dict>
            <dict>
                <key>id</key>
                <string>5304</string>
            </dict>
            <dict>
                <key>id</key>
                <string>5314</string>
            </dict>
            <dict>
                <key>id</key>
                <string>5323</string>
            </dict>
            <dict>
                <key>id</key>
                <string>5332</string>
            </dict>
            <dict>
                <key>id</key>
                <string>5341</string>
            </dict>
            <dict>
                <key>id</key>
                <string>5350</string>
            </dict>
            <dict>
                <key>id</key>
                <string>5359</string>
            </dict>
            <dict>
                <key>id</key>
                <string>5368</string>
            </dict>
            <dict>
                <key>id</key>
                <string>5377</string>
            </dict>
            <dict>
                <key>id</key>
                <string>5386</string>
            </dict>
            <dict>
                <key>id</key>
                <string>5395</string>
            </dict>
            <dict>
                <key>id</key>
                <string>5404</string>
            </dict>
            <dict>
                <key>id</key>
                <string>5413</string>
            </dict>
            <dict>
                <key>id</key>
                <string>5422</string>
            </dict>
            <dict>
                <key>id</key>
                <string>5431</string>
            </dict>
            <dict>
                <key>id</key>
                <string>5443</string>
            </dict>
            <dict>
                <key>id</key>
                <string>5452</string>
            </dict>
            <dict>
                <key>id</key>
                <string>5461</string>
            </dict>
            <dict>
                <key>id</key>
                <string>5470</string>
            </dict>
            <dict>
                <key>id</key>
                <string>5480</string>
            </dict>
            <dict>
                <key>id</key>
                <string>5490</string>
            </dict>
            <dict>
                <key>id</key>
                <string>5499</string>
            </dict>
            <dict>
                <key>id</key>
                <string>5708</string>
            </dict>
            <dict>
                <key>id</key>
                <string>5897</string>
            </dict>
            <dict>
                <key>id</key>
                <string>5899</string>
            </dict>
            <dict>
                <key>id</key>
                <string>5915</string>
            </dict>
            <dict>
                <key>id</key>
                <string>5925</string>
            </dict>
            <dict>
                <key>id</key>
                <string>5934</string>
            </dict>
            <dict>
                <key>id</key>
                <string>5943</string>
            </dict>
            <dict>
                <key>id</key>
                <string>5952</string>
            </dict>
            <dict>
                <key>id</key>
                <string>5961</string>
            </dict>
            <dict>
                <key>id</key>
                <string>5970</string>
            </dict>
            <dict>
                <key>id</key>
                <string>5979</string>
            </dict>
            <dict>
                <key>id</key>
                <string>5988</string>
            </dict>
            <dict>
                <key>id</key>
                <string>5997</string>
            </dict>
            <dict>
                <key>id</key>
                <string>6007</string>
            </dict>
            <dict>
                <key>id</key>
                <string>6016</string>
            </dict>
            <dict>
                <key>id</key>
                <string>6025</string>
            </dict>
            <dict>
                <key>id</key>
                <string>6034</string>
            </dict>
            <dict>
                <key>id</key>
                <string>6043</string>
            </dict>
            <dict>
                <key>id</key>
                <string>6052</string>
            </dict>
            <dict>
                <key>id</key>
                <string>6061</string>
            </dict>
            <dict>
                <key>id</key>
                <string>6070</string>
            </dict>
            <dict>
                <key>id</key>
                <string>6079</string>
            </dict>
            <dict>
                <key>id</key>
                <string>6088</string>
            </dict>
            <dict>
                <key>id</key>
                <string>6097</string>
            </dict>
            <dict>
                <key>id</key>
                <string>6163</string>
            </dict>
            <dict>
                <key>id</key>
                <string>6172</string>
            </dict>
            <dict>
                <key>id</key>
                <string>6181</string>
            </dict>
            <dict>
                <key>id</key>
                <string>6190</string>
            </dict>
            <dict>
                <key>id</key>
                <string>6199</string>
            </dict>
            <dict>
                <key>id</key>
                <string>6209</string>
            </dict>
            <dict>
                <key>id</key>
                <string>6220</string>
            </dict>
            <dict>
                <key>id</key>
                <string>6230</string>
            </dict>
            <dict>
                <key>id</key>
                <string>6239</string>
            </dict>
            <dict>
                <key>id</key>
                <string>6251</string>
            </dict>
            <dict>
                <key>id</key>
                <string>6260</string>
            </dict>
            <dict>
                <key>id</key>
                <string>6269</string>
            </dict>
            <dict>
                <key>id</key>
                <string>6278</string>
            </dict>
            <dict>
                <key>id</key>
                <string>6288</string>
            </dict>
            <dict>
                <key>id</key>
                <string>6353</string>
            </dict>
            <dict>
                <key>id</key>
                <string>6376</string>
            </dict>
            <dict>
                <key>id</key>
                <string>6385</string>
            </dict>
            <dict>
                <key>id</key>
                <string>6395</string>
            </dict>
            <dict>
                <key>id</key>
                <string>6404</string>
            </dict>
            <dict>
                <key>id</key>
                <string>6414</string>
            </dict>
            <dict>
                <key>id</key>
                <string>6425</string>
            </dict>
            <dict>
                <key>id</key>
                <string>6434</string>
            </dict>
            <dict>
                <key>id</key>
                <string>6444</string>
            </dict>
            <dict>
                <key>id</key>
                <string>6454</string>
            </dict>
            <dict>
                <key>id</key>
                <string>6463</string>
            </dict>
            <dict>
                <key>id</key>
                <string>6473</string>
            </dict>
            <dict>
                <key>id</key>
                <string>6482</string>
            </dict>
            <dict>
                <key>id</key>
                <string>6491</string>
            </dict>
            <dict>
                <key>id</key>
                <string>6500</string>
            </dict>
            <dict>
                <key>id</key>
                <string>6510</string>
            </dict>
            <dict>
                <key>id</key>
                <string>6519</string>
            </dict>
            <dict>
                <key>id</key>
                <string>6529</string>
            </dict>
            <dict>
                <key>id</key>
                <string>6538</string>
            </dict>
            <dict>
                <key>id</key>
                <string>6606</string>
            </dict>
            <dict>
                <key>id</key>
                <string>6625</string>
            </dict>
            <dict>
                <key>id</key>
                <string>6634</string>
            </dict>
            <dict>
                <key>id</key>
                <string>6643</string>
            </dict>
            <dict>
                <key>id</key>
                <string>6652</string>
            </dict>
            <dict>
                <key>id</key>
                <string>6661</string>
            </dict>
            <dict>
                <key>id</key>
                <string>6670</string>
            </dict>
            <dict>
                <key>id</key>
                <string>6679</string>
            </dict>
            <dict>
                <key>id</key>
                <string>6688</string>
            </dict>
            <dict>
                <key>id</key>
                <string>6698</string>
            </dict>
            <dict>
                <key>id</key>
                <string>6708</string>
            </dict>
            <dict>
                <key>id</key>
                <string>6770</string>
            </dict>
            <dict>
                <key>id</key>
                <string>6779</string>
            </dict>
            <dict>
                <key>id</key>
                <string>6788</string>
            </dict>
            <dict>
                <key>id</key>
                <string>6799</string>
            </dict>
            <dict>
                <key>id</key>
                <string>6808</string>
            </dict>
            <dict>
                <key>id</key>
                <string>6817</string>
            </dict>
            <dict>
                <key>id</key>
                <string>6884</string>
            </dict>
            <dict>
                <key>id</key>
                <string>6893</string>
            </dict>
            <dict>
                <key>id</key>
                <string>6902</string>
            </dict>
            <dict>
                <key>id</key>
                <string>6911</string>
            </dict>
            <dict>
                <key>id</key>
                <string>6921</string>
            </dict>
            <dict>
                <key>id</key>
                <string>7036</string>
            </dict>
            <dict>
                <key>id</key>
                <string>7045</string>
            </dict>
            <dict>
                <key>id</key>
                <string>7054</string>
            </dict>
            <dict>
                <key>id</key>
                <string>7063</string>
            </dict>
            <dict>
                <key>id</key>
                <string>7078</string>
            </dict>
            <dict>
                <key>id</key>
                <string>7154</string>
            </dict>
            <dict>
                <key>id</key>
                <string>7163</string>
            </dict>
            <dict>
                <key>id</key>
                <string>7172</string>
            </dict>
            <dict>
                <key>id</key>
                <string>7181</string>
            </dict>
            <dict>
                <key>id</key>
                <string>7191</string>
            </dict>
            <dict>
                <key>id</key>
                <string>7202</string>
            </dict>
            <dict>
                <key>id</key>
                <string>7211</string>
            </dict>
            <dict>
                <key>id</key>
                <string>7220</string>
            </dict>
            <dict>
                <key>id</key>
                <string>7230</string>
            </dict>
            <dict>
                <key>id</key>
                <string>7239</string>
            </dict>
            <dict>
                <key>id</key>
                <string>7248</string>
            </dict>
            <dict>
                <key>id</key>
                <string>7257</string>
            </dict>
            <dict>
                <key>id</key>
                <string>7267</string>
            </dict>
            <dict>
                <key>id</key>
                <string>7276</string>
            </dict>
            <dict>
                <key>id</key>
                <string>7285</string>
            </dict>
            <dict>
                <key>id</key>
                <string>7294</string>
            </dict>
        </array>
    </dict>
</plist>
