<?xml version="1.0" encoding="UTF-8"?>
<!DOCTYPE plist PUBLIC "-//Apple//DTD PLIST 1.0//EN" "http://www.apple.com/DTDs/PropertyList-1.0.dtd"/>

<plist version="1.0">
    <dict>
        <key>ROOT</key>
        <array>
            <dict>
                <key>id</key>
                <string>2275</string>
                <key>objectA</key>
                <string>2273</string>
                <key>objectB</key>
                <string>2274</string>
            </dict>
            <dict>
                <key>id</key>
                <string>2336</string>
                <key>objectA</key>
                <string>2323</string>
                <key>objectB</key>
                <string>2327</string>
            </dict>
            <dict>
                <key>id</key>
                <string>2337</string>
                <key>objectA</key>
                <string>2327</string>
                <key>objectB</key>
                <string>2331</string>
            </dict>
            <dict>
                <key>id</key>
                <string>2338</string>
                <key>objectA</key>
                <string>2331</string>
                <key>objectB</key>
                <string>2335</string>
            </dict>
            <dict>
                <key>id</key>
                <string>2339</string>
                <key>objectA</key>
                <string>2244</string>
                <key>objectB</key>
                <string>2335</string>
            </dict>
            <dict>
                <key>id</key>
                <string>2951</string>
                <key>objectA</key>
                <string>2933</string>
                <key>objectB</key>
                <string>2935</string>
            </dict>
            <dict>
                <key>id</key>
                <string>2952</string>
                <key>objectA</key>
                <string>2935</string>
                <key>objectB</key>
                <string>2937</string>
            </dict>
            <dict>
                <key>id</key>
                <string>2953</string>
                <key>objectA</key>
                <string>2937</string>
                <key>objectB</key>
                <string>2939</string>
            </dict>
            <dict>
                <key>id</key>
                <string>5916</string>
                <key>objectA</key>
                <string>5155</string>
                <key>objectB</key>
                <string>5914</string>
            </dict>
        </array>
    </dict>
</plist>
