<?xml version="1.0" encoding="UTF-8"?>
<!DOCTYPE plist PUBLIC "-//Apple//DTD PLIST 1.0//EN" "http://www.apple.com/DTDs/PropertyList-1.0.dtd"/>

<plist version="1.0">
    <dict>
        <key>ROOT</key>
        <array>
            <dict>
                <key>id</key>
                <string>107</string>
                <key>sprites</key>
                <array>
                    <string>1832</string>
                    <string>1833</string>
                    <string>1573</string>
                    <string>121</string>
                    <string>1798</string>
                    <string>4740</string>
                    <string>4727</string>
                    <string>4522</string>
                    <string>442</string>
                    <string>1581</string>
                    <string>1738</string>
                    <string>1965</string>
                    <string>342</string>
                    <string>106</string>
                    <string>1576</string>
                    <string>1735</string>
                    <string>1619</string>
                    <string>1616</string>
                    <string>1613</string>
                    <string>1629</string>
                    <string>1610</string>
                    <string>1626</string>
                    <string>1589</string>
                    <string>1708</string>
                    <string>1711</string>
                    <string>1714</string>
                    <string>1717</string>
                    <string>1604</string>
                    <string>1567</string>
                    <string>1490</string>
                    <string>1484</string>
                    <string>1502</string>
                    <string>1591</string>
                    <string>1598</string>
                    <string>151</string>
                    <string>110</string>
                    <string>5030</string>
                    <string>4968</string>
                    <string>4956</string>
                    <string>3938</string>
                    <string>5901</string>
                </array>
            </dict>
            <dict>
                <key>id</key>
                <string>1835</string>
                <key>sprites</key>
                <array>
                    <string>1842</string>
                    <string>1841</string>
                    <string>1840</string>
                    <string>1834</string>
                    <string>1839</string>
                    <string>1836</string>
                    <string>1837</string>
                    <string>1838</string>
                    <string>1858</string>
                    <string>1859</string>
                    <string>1860</string>
                    <string>1992</string>
                    <string>1976</string>
                    <string>3448</string>
                    <string>3447</string>
                    <string>3446</string>
                    <string>3445</string>
                    <string>3444</string>
                    <string>3443</string>
                    <string>3442</string>
                    <string>3441</string>
                    <string>3440</string>
                    <string>3439</string>
                    <string>3438</string>
                    <string>3258</string>
                </array>
            </dict>
            <dict>
                <key>id</key>
                <string>1862</string>
                <key>sprites</key>
                <array>
                    <string>1886</string>
                    <string>1887</string>
                    <string>1885</string>
                    <string>1861</string>
                    <string>1868</string>
                    <string>1867</string>
                    <string>1866</string>
                    <string>1865</string>
                    <string>1864</string>
                    <string>1863</string>
                    <string>2156</string>
                    <string>3835</string>
                    <string>2094</string>
                    <string>2083</string>
                    <string>4996</string>
                    <string>4984</string>
                    <string>3667</string>
                    <string>4385</string>
                    <string>4345</string>
                    <string>4394</string>
                    <string>3454</string>
                    <string>3453</string>
                    <string>3452</string>
                    <string>3451</string>
                    <string>3450</string>
                    <string>3449</string>
                </array>
            </dict>
            <dict>
                <key>id</key>
                <string>1889</string>
                <key>sprites</key>
                <array>
                    <string>1939</string>
                    <string>1892</string>
                    <string>1893</string>
                    <string>1895</string>
                    <string>1890</string>
                    <string>1894</string>
                    <string>1891</string>
                    <string>1888</string>
                    <string>1912</string>
                    <string>3927</string>
                    <string>5506</string>
                </array>
            </dict>
            <dict>
                <key>id</key>
                <string>1914</string>
                <key>sprites</key>
                <array>
                    <string>1919</string>
                    <string>1913</string>
                    <string>1920</string>
                    <string>1922</string>
                    <string>1921</string>
                    <string>2581</string>
                    <string>1918</string>
                    <string>1917</string>
                    <string>1916</string>
                    <string>1915</string>
                    <string>3558</string>
                    <string>2871</string>
                    <string>4764</string>
                    <string>4765</string>
                </array>
            </dict>
            <dict>
                <key>id</key>
                <string>3246</string>
                <key>sprites</key>
                <array>
                    <string>3245</string>
                    <string>3563</string>
                    <string>3564</string>
                    <string>3562</string>
                    <string>3565</string>
                    <string>3561</string>
                    <string>3566</string>
                    <string>3560</string>
                    <string>3567</string>
                    <string>3559</string>
                    <string>4769</string>
                    <string>4766</string>
                </array>
            </dict>
            <dict>
                <key>id</key>
                <string>3847</string>
                <key>sprites</key>
                <array>
                    <string>3860</string>
                    <string>3846</string>
                    <string>5146</string>
                    <string>5041</string>
                    <string>4773</string>
                    <string>4770</string>
                    <string>4768</string>
                    <string>4772</string>
                    <string>4771</string>
                    <string>4767</string>
                </array>
            </dict>
        </array>
    </dict>
</plist>
