<?xml version="1.0" encoding="UTF-8"?>
<!DOCTYPE plist PUBLIC "-//Apple//DTD PLIST 1.0//EN" "http://www.apple.com/DTDs/PropertyList-1.0.dtd"/>

<plist version="1.0">
    <dict>
        <key>ROOT</key>
        <array>
            <dict>
                <key>id</key>
                <string>3554</string>
                <key>className</key>
                <string>PTModelComponentMove</string>
                <key>Name</key>
                <dict>
                    <key>value</key>
                    <string>slide</string>
                </dict>
                <key>Collision Shape</key>
                <dict>
                    <key>id</key>
                    <string>3555</string>
                    <key>className</key>
                    <string>PTModelPolygon</string>
                    <key>Name</key>
                    <dict>
                        <key>value</key>
                        <string></string>
                    </dict>
                    <key>points</key>
                    <array>
                        <string>{-109.000000,-67.000000}</string>
                        <string>{136.000000,-54.000000}</string>
                        <string>{155.000000,175.000000}</string>
                        <string>{-114.000000,175.000000}</string>
                    </array>
                    <key>oneWayCollisionVector</key>
                    <string>{0.000000,0.000000}</string>
                    <key>shapeType</key>
                    <string>1</string>
                </dict>
                <key>Activate On Start</key>
                <dict>
                    <key>visible</key>
                    <string>0</string>
                </dict>
                <key>Linear Velocity</key>
                <dict>
                    <key>value</key>
                    <string>{0.000,0.000}</string>
                    <key>animationsX</key>
                    <array/>
                    <key>animationsY</key>
                    <array/>
                </dict>
                <key>Angular Velocity</key>
                <dict>
                    <key>animations</key>
                    <array/>
                </dict>
                <key>Mathematical Operation</key>
                <dict>
                    <key>selectedStringValue</key>
                    <string>kReplace</string>
                </dict>
                <key>Event</key>
                <dict>
                    <key>selectedStringValue</key>
                    <string>kInputControllerActionButton-3588</string>
                </dict>
                <key>Affected asset</key>
                <dict>
                    <key>visible</key>
                    <string>0</string>
                    <key>selectedStringValue</key>
                    <string>-1</string>
                </dict>
                <key>Timeout</key>
                <dict>
                    <key>animations</key>
                    <array/>
                </dict>
                <key>_senderId</key>
                <string>3588</string>
            </dict>
            <dict>
                <key>id</key>
                <string>4761</string>
                <key>className</key>
                <string>PTModelComponentMove</string>
                <key>Name</key>
                <dict>
                    <key>value</key>
                    <string>Advanced Move</string>
                </dict>
                <key>Collision Shape</key>
                <dict>
                    <key>id</key>
                    <string>4762</string>
                    <key>className</key>
                    <string>PTModelPolygon</string>
                    <key>Name</key>
                    <dict>
                        <key>value</key>
                        <string></string>
                    </dict>
                    <key>points</key>
                    <array/>
                    <key>oneWayCollisionVector</key>
                    <string>{0.000000,0.000000}</string>
                    <key>shapeType</key>
                    <string>1</string>
                </dict>
                <key>Activate On Start</key>
                <dict>
                    <key>visible</key>
                    <string>0</string>
                </dict>
                <key>Linear Velocity</key>
                <dict>
                    <key>value</key>
                    <string>{0.000,10.000}</string>
                    <key>animationsX</key>
                    <array/>
                    <key>animationsY</key>
                    <array/>
                </dict>
                <key>Angular Velocity</key>
                <dict>
                    <key>animations</key>
                    <array/>
                </dict>
                <key>Mathematical Operation</key>
                <dict>
                    <key>selectedStringValue</key>
                    <string>kReplace</string>
                </dict>
                <key>Event</key>
                <dict>
                    <key>selectedStringValue</key>
                    <string>kInputControllerActionButton-4790</string>
                </dict>
                <key>Affected asset</key>
                <dict>
                    <key>visible</key>
                    <string>0</string>
                    <key>selectedStringValue</key>
                    <string>-1</string>
                </dict>
                <key>Timeout</key>
                <dict>
                    <key>value</key>
                    <string>10.000000</string>
                    <key>animations</key>
                    <array/>
                </dict>
                <key>_senderId</key>
                <string>4790</string>
            </dict>
        </array>
    </dict>
</plist>
