<?xml version="1.0" encoding="UTF-8"?>
<!DOCTYPE plist PUBLIC "-//Apple//DTD PLIST 1.0//EN" "http://www.apple.com/DTDs/PropertyList-1.0.dtd"/>

<plist version="1.0">
    <dict>
        <key>ROOT</key>
        <array>
            <dict>
                <key>id</key>
                <string>113</string>
                <key>children</key>
                <array>
                    <string>114</string>
                </array>
            </dict>
            <dict>
                <key>id</key>
                <string>130</string>
                <key>children</key>
                <array>
                    <string>447</string>
                </array>
            </dict>
            <dict>
                <key>id</key>
                <string>154</string>
                <key>children</key>
                <array>
                    <string>155</string>
                </array>
            </dict>
            <dict>
                <key>id</key>
                <string>345</string>
                <key>children</key>
                <array>
                    <string>346</string>
                </array>
            </dict>
            <dict>
                <key>id</key>
                <string>403</string>
                <key>children</key>
                <array/>
            </dict>
            <dict>
                <key>id</key>
                <string>812</string>
                <key>children</key>
                <array/>
            </dict>
            <dict>
                <key>id</key>
                <string>838</string>
                <key>children</key>
                <array/>
            </dict>
            <dict>
                <key>id</key>
                <string>849</string>
                <key>children</key>
                <array/>
            </dict>
            <dict>
                <key>id</key>
                <string>865</string>
                <key>children</key>
                <array/>
            </dict>
            <dict>
                <key>id</key>
                <string>979</string>
                <key>children</key>
                <array>
                    <string>984</string>
                </array>
            </dict>
            <dict>
                <key>id</key>
                <string>1167</string>
                <key>children</key>
                <array/>
            </dict>
            <dict>
                <key>id</key>
                <string>1174</string>
                <key>children</key>
                <array/>
            </dict>
            <dict>
                <key>id</key>
                <string>1741</string>
                <key>children</key>
                <array>
                    <string>1742</string>
                </array>
            </dict>
            <dict>
                <key>id</key>
                <string>1801</string>
                <key>children</key>
                <array>
                    <string>1802</string>
                </array>
            </dict>
            <dict>
                <key>id</key>
                <string>1819</string>
                <key>children</key>
                <array>
                    <string>1854</string>
                </array>
            </dict>
            <dict>
                <key>id</key>
                <string>1880</string>
                <key>children</key>
                <array>
                    <string>1881</string>
                </array>
            </dict>
            <dict>
                <key>id</key>
                <string>1907</string>
                <key>children</key>
                <array>
                    <string>1908</string>
                </array>
            </dict>
            <dict>
                <key>id</key>
                <string>1934</string>
                <key>children</key>
                <array>
                    <string>1935</string>
                </array>
            </dict>
            <dict>
                <key>id</key>
                <string>1942</string>
                <key>children</key>
                <array>
                    <string>1943</string>
                </array>
            </dict>
            <dict>
                <key>id</key>
                <string>1949</string>
                <key>children</key>
                <array>
                    <string>1950</string>
                </array>
            </dict>
            <dict>
                <key>id</key>
                <string>1958</string>
                <key>children</key>
                <array>
                    <string>1959</string>
                </array>
            </dict>
            <dict>
                <key>id</key>
                <string>1968</string>
                <key>children</key>
                <array>
                    <string>1969</string>
                </array>
            </dict>
            <dict>
                <key>id</key>
                <string>1979</string>
                <key>children</key>
                <array>
                    <string>1980</string>
                </array>
            </dict>
            <dict>
                <key>id</key>
                <string>1995</string>
                <key>children</key>
                <array>
                    <string>1996</string>
                </array>
            </dict>
            <dict>
                <key>id</key>
                <string>2005</string>
                <key>children</key>
                <array>
                    <string>2006</string>
                </array>
            </dict>
            <dict>
                <key>id</key>
                <string>2014</string>
                <key>children</key>
                <array>
                    <string>2015</string>
                </array>
            </dict>
            <dict>
                <key>id</key>
                <string>2023</string>
                <key>children</key>
                <array>
                    <string>2024</string>
                </array>
            </dict>
            <dict>
                <key>id</key>
                <string>2058</string>
                <key>children</key>
                <array>
                    <string>2059</string>
                </array>
            </dict>
            <dict>
                <key>id</key>
                <string>2067</string>
                <key>children</key>
                <array>
                    <string>2068</string>
                </array>
            </dict>
            <dict>
                <key>id</key>
                <string>2076</string>
                <key>children</key>
                <array>
                    <string>2077</string>
                </array>
            </dict>
            <dict>
                <key>id</key>
                <string>2086</string>
                <key>children</key>
                <array>
                    <string>2087</string>
                </array>
            </dict>
            <dict>
                <key>id</key>
                <string>2097</string>
                <key>children</key>
                <array>
                    <string>2098</string>
                </array>
            </dict>
            <dict>
                <key>id</key>
                <string>2115</string>
                <key>children</key>
                <array>
                    <string>2116</string>
                </array>
            </dict>
            <dict>
                <key>id</key>
                <string>2124</string>
                <key>children</key>
                <array>
                    <string>2125</string>
                </array>
            </dict>
            <dict>
                <key>id</key>
                <string>2159</string>
                <key>children</key>
                <array>
                    <string>2160</string>
                </array>
            </dict>
            <dict>
                <key>id</key>
                <string>2169</string>
                <key>children</key>
                <array>
                    <string>2170</string>
                </array>
            </dict>
            <dict>
                <key>id</key>
                <string>2186</string>
                <key>children</key>
                <array>
                    <string>2187</string>
                </array>
            </dict>
            <dict>
                <key>id</key>
                <string>2195</string>
                <key>children</key>
                <array>
                    <string>2196</string>
                </array>
            </dict>
            <dict>
                <key>id</key>
                <string>2218</string>
                <key>children</key>
                <array>
                    <string>2219</string>
                </array>
            </dict>
            <dict>
                <key>id</key>
                <string>2227</string>
                <key>children</key>
                <array>
                    <string>2228</string>
                </array>
            </dict>
            <dict>
                <key>id</key>
                <string>2284</string>
                <key>children</key>
                <array>
                    <string>2285</string>
                </array>
            </dict>
            <dict>
                <key>id</key>
                <string>2293</string>
                <key>children</key>
                <array>
                    <string>2294</string>
                </array>
            </dict>
            <dict>
                <key>id</key>
                <string>2302</string>
                <key>children</key>
                <array>
                    <string>2303</string>
                </array>
            </dict>
            <dict>
                <key>id</key>
                <string>2311</string>
                <key>children</key>
                <array>
                    <string>2312</string>
                </array>
            </dict>
            <dict>
                <key>id</key>
                <string>2343</string>
                <key>children</key>
                <array>
                    <string>2344</string>
                </array>
            </dict>
            <dict>
                <key>id</key>
                <string>2352</string>
                <key>children</key>
                <array>
                    <string>2353</string>
                </array>
            </dict>
            <dict>
                <key>id</key>
                <string>2361</string>
                <key>children</key>
                <array>
                    <string>2362</string>
                </array>
            </dict>
            <dict>
                <key>id</key>
                <string>2370</string>
                <key>children</key>
                <array>
                    <string>2371</string>
                </array>
            </dict>
            <dict>
                <key>id</key>
                <string>2379</string>
                <key>children</key>
                <array>
                    <string>2380</string>
                </array>
            </dict>
            <dict>
                <key>id</key>
                <string>2388</string>
                <key>children</key>
                <array>
                    <string>2389</string>
                </array>
            </dict>
            <dict>
                <key>id</key>
                <string>2537</string>
                <key>children</key>
                <array>
                    <string>2538</string>
                </array>
            </dict>
            <dict>
                <key>id</key>
                <string>2546</string>
                <key>children</key>
                <array>
                    <string>2547</string>
                </array>
            </dict>
            <dict>
                <key>id</key>
                <string>2555</string>
                <key>children</key>
                <array>
                    <string>2556</string>
                </array>
            </dict>
            <dict>
                <key>id</key>
                <string>2564</string>
                <key>children</key>
                <array>
                    <string>2565</string>
                </array>
            </dict>
            <dict>
                <key>id</key>
                <string>2573</string>
                <key>children</key>
                <array>
                    <string>2574</string>
                </array>
            </dict>
            <dict>
                <key>id</key>
                <string>2584</string>
                <key>children</key>
                <array>
                    <string>2585</string>
                </array>
            </dict>
            <dict>
                <key>id</key>
                <string>2606</string>
                <key>children</key>
                <array>
                    <string>2607</string>
                </array>
            </dict>
            <dict>
                <key>id</key>
                <string>2615</string>
                <key>children</key>
                <array>
                    <string>2616</string>
                </array>
            </dict>
            <dict>
                <key>id</key>
                <string>2624</string>
                <key>children</key>
                <array>
                    <string>2625</string>
                </array>
            </dict>
            <dict>
                <key>id</key>
                <string>2633</string>
                <key>children</key>
                <array>
                    <string>2634</string>
                </array>
            </dict>
            <dict>
                <key>id</key>
                <string>2642</string>
                <key>children</key>
                <array>
                    <string>2643</string>
                </array>
            </dict>
            <dict>
                <key>id</key>
                <string>2651</string>
                <key>children</key>
                <array>
                    <string>2652</string>
                </array>
            </dict>
            <dict>
                <key>id</key>
                <string>2660</string>
                <key>children</key>
                <array>
                    <string>2661</string>
                </array>
            </dict>
            <dict>
                <key>id</key>
                <string>2669</string>
                <key>children</key>
                <array>
                    <string>2670</string>
                </array>
            </dict>
            <dict>
                <key>id</key>
                <string>2678</string>
                <key>children</key>
                <array>
                    <string>2679</string>
                </array>
            </dict>
            <dict>
                <key>id</key>
                <string>2687</string>
                <key>children</key>
                <array>
                    <string>2688</string>
                </array>
            </dict>
            <dict>
                <key>id</key>
                <string>2696</string>
                <key>children</key>
                <array>
                    <string>2697</string>
                </array>
            </dict>
            <dict>
                <key>id</key>
                <string>2705</string>
                <key>children</key>
                <array>
                    <string>2706</string>
                </array>
            </dict>
            <dict>
                <key>id</key>
                <string>2714</string>
                <key>children</key>
                <array>
                    <string>2715</string>
                </array>
            </dict>
            <dict>
                <key>id</key>
                <string>2723</string>
                <key>children</key>
                <array>
                    <string>2724</string>
                </array>
            </dict>
            <dict>
                <key>id</key>
                <string>2732</string>
                <key>children</key>
                <array>
                    <string>2733</string>
                </array>
            </dict>
            <dict>
                <key>id</key>
                <string>2741</string>
                <key>children</key>
                <array>
                    <string>2742</string>
                </array>
            </dict>
            <dict>
                <key>id</key>
                <string>2750</string>
                <key>children</key>
                <array>
                    <string>2751</string>
                </array>
            </dict>
            <dict>
                <key>id</key>
                <string>2759</string>
                <key>children</key>
                <array>
                    <string>2760</string>
                </array>
            </dict>
            <dict>
                <key>id</key>
                <string>2768</string>
                <key>children</key>
                <array>
                    <string>2769</string>
                </array>
            </dict>
            <dict>
                <key>id</key>
                <string>2777</string>
                <key>children</key>
                <array>
                    <string>2778</string>
                </array>
            </dict>
            <dict>
                <key>id</key>
                <string>2786</string>
                <key>children</key>
                <array>
                    <string>2787</string>
                </array>
            </dict>
            <dict>
                <key>id</key>
                <string>2795</string>
                <key>children</key>
                <array>
                    <string>2796</string>
                </array>
            </dict>
            <dict>
                <key>id</key>
                <string>2804</string>
                <key>children</key>
                <array>
                    <string>2805</string>
                </array>
            </dict>
            <dict>
                <key>id</key>
                <string>2813</string>
                <key>children</key>
                <array>
                    <string>2814</string>
                </array>
            </dict>
            <dict>
                <key>id</key>
                <string>2822</string>
                <key>children</key>
                <array>
                    <string>2823</string>
                </array>
            </dict>
            <dict>
                <key>id</key>
                <string>2831</string>
                <key>children</key>
                <array>
                    <string>2832</string>
                </array>
            </dict>
            <dict>
                <key>id</key>
                <string>2840</string>
                <key>children</key>
                <array>
                    <string>2841</string>
                </array>
            </dict>
            <dict>
                <key>id</key>
                <string>2874</string>
                <key>children</key>
                <array>
                    <string>2875</string>
                </array>
            </dict>
            <dict>
                <key>id</key>
                <string>2884</string>
                <key>children</key>
                <array>
                    <string>2885</string>
                </array>
            </dict>
            <dict>
                <key>id</key>
                <string>2893</string>
                <key>children</key>
                <array>
                    <string>2894</string>
                </array>
            </dict>
            <dict>
                <key>id</key>
                <string>2924</string>
                <key>children</key>
                <array>
                    <string>2925</string>
                </array>
            </dict>
            <dict>
                <key>id</key>
                <string>2978</string>
                <key>children</key>
                <array>
                    <string>2979</string>
                </array>
            </dict>
            <dict>
                <key>id</key>
                <string>2988</string>
                <key>children</key>
                <array>
                    <string>2989</string>
                </array>
            </dict>
            <dict>
                <key>id</key>
                <string>2999</string>
                <key>children</key>
                <array>
                    <string>3000</string>
                </array>
            </dict>
            <dict>
                <key>id</key>
                <string>3071</string>
                <key>children</key>
                <array>
                    <string>3072</string>
                </array>
            </dict>
            <dict>
                <key>id</key>
                <string>3080</string>
                <key>children</key>
                <array>
                    <string>3081</string>
                </array>
            </dict>
            <dict>
                <key>id</key>
                <string>3090</string>
                <key>children</key>
                <array>
                    <string>3091</string>
                </array>
            </dict>
            <dict>
                <key>id</key>
                <string>3100</string>
                <key>children</key>
                <array>
                    <string>3101</string>
                </array>
            </dict>
            <dict>
                <key>id</key>
                <string>3109</string>
                <key>children</key>
                <array>
                    <string>3110</string>
                </array>
            </dict>
            <dict>
                <key>id</key>
                <string>3118</string>
                <key>children</key>
                <array>
                    <string>3119</string>
                </array>
            </dict>
            <dict>
                <key>id</key>
                <string>3127</string>
                <key>children</key>
                <array>
                    <string>3128</string>
                </array>
            </dict>
            <dict>
                <key>id</key>
                <string>3136</string>
                <key>children</key>
                <array>
                    <string>3137</string>
                </array>
            </dict>
            <dict>
                <key>id</key>
                <string>3145</string>
                <key>children</key>
                <array>
                    <string>3146</string>
                </array>
            </dict>
            <dict>
                <key>id</key>
                <string>3154</string>
                <key>children</key>
                <array>
                    <string>3155</string>
                </array>
            </dict>
            <dict>
                <key>id</key>
                <string>3163</string>
                <key>children</key>
                <array>
                    <string>3164</string>
                </array>
            </dict>
            <dict>
                <key>id</key>
                <string>3175</string>
                <key>children</key>
                <array>
                    <string>3176</string>
                </array>
            </dict>
            <dict>
                <key>id</key>
                <string>3185</string>
                <key>children</key>
                <array>
                    <string>3186</string>
                </array>
            </dict>
            <dict>
                <key>id</key>
                <string>3200</string>
                <key>children</key>
                <array>
                    <string>3201</string>
                </array>
            </dict>
            <dict>
                <key>id</key>
                <string>3209</string>
                <key>children</key>
                <array>
                    <string>3210</string>
                </array>
            </dict>
            <dict>
                <key>id</key>
                <string>3230</string>
                <key>children</key>
                <array>
                    <string>3231</string>
                </array>
            </dict>
            <dict>
                <key>id</key>
                <string>3249</string>
                <key>children</key>
                <array>
                    <string>3250</string>
                </array>
            </dict>
            <dict>
                <key>id</key>
                <string>3261</string>
                <key>children</key>
                <array>
                    <string>3262</string>
                </array>
            </dict>
            <dict>
                <key>id</key>
                <string>3277</string>
                <key>children</key>
                <array>
                    <string>3278</string>
                </array>
            </dict>
            <dict>
                <key>id</key>
                <string>3286</string>
                <key>children</key>
                <array>
                    <string>3287</string>
                </array>
            </dict>
            <dict>
                <key>id</key>
                <string>3295</string>
                <key>children</key>
                <array>
                    <string>3296</string>
                </array>
            </dict>
            <dict>
                <key>id</key>
                <string>3306</string>
                <key>children</key>
                <array>
                    <string>3307</string>
                </array>
            </dict>
            <dict>
                <key>id</key>
                <string>3315</string>
                <key>children</key>
                <array>
                    <string>3316</string>
                </array>
            </dict>
            <dict>
                <key>id</key>
                <string>3324</string>
                <key>children</key>
                <array>
                    <string>3325</string>
                </array>
            </dict>
            <dict>
                <key>id</key>
                <string>3333</string>
                <key>children</key>
                <array>
                    <string>3334</string>
                </array>
            </dict>
            <dict>
                <key>id</key>
                <string>3344</string>
                <key>children</key>
                <array>
                    <string>3345</string>
                </array>
            </dict>
            <dict>
                <key>id</key>
                <string>3353</string>
                <key>children</key>
                <array>
                    <string>3354</string>
                </array>
            </dict>
            <dict>
                <key>id</key>
                <string>3363</string>
                <key>children</key>
                <array>
                    <string>3364</string>
                </array>
            </dict>
            <dict>
                <key>id</key>
                <string>3373</string>
                <key>children</key>
                <array>
                    <string>3374</string>
                </array>
            </dict>
            <dict>
                <key>id</key>
                <string>3382</string>
                <key>children</key>
                <array>
                    <string>3383</string>
                </array>
            </dict>
            <dict>
                <key>id</key>
                <string>3408</string>
                <key>children</key>
                <array>
                    <string>3409</string>
                </array>
            </dict>
            <dict>
                <key>id</key>
                <string>3417</string>
                <key>children</key>
                <array>
                    <string>3418</string>
                </array>
            </dict>
            <dict>
                <key>id</key>
                <string>3457</string>
                <key>children</key>
                <array>
                    <string>3458</string>
                </array>
            </dict>
            <dict>
                <key>id</key>
                <string>3477</string>
                <key>children</key>
                <array>
                    <string>3478</string>
                </array>
            </dict>
            <dict>
                <key>id</key>
                <string>3487</string>
                <key>children</key>
                <array>
                    <string>3488</string>
                </array>
            </dict>
            <dict>
                <key>id</key>
                <string>3497</string>
                <key>children</key>
                <array>
                    <string>3498</string>
                </array>
            </dict>
            <dict>
                <key>id</key>
                <string>3506</string>
                <key>children</key>
                <array>
                    <string>3507</string>
                </array>
            </dict>
            <dict>
                <key>id</key>
                <string>3516</string>
                <key>children</key>
                <array>
                    <string>3517</string>
                </array>
            </dict>
            <dict>
                <key>id</key>
                <string>3525</string>
                <key>children</key>
                <array>
                    <string>3526</string>
                </array>
            </dict>
            <dict>
                <key>id</key>
                <string>3534</string>
                <key>children</key>
                <array>
                    <string>3535</string>
                </array>
            </dict>
            <dict>
                <key>id</key>
                <string>3579</string>
                <key>children</key>
                <array>
                    <string>3580</string>
                </array>
            </dict>
            <dict>
                <key>id</key>
                <string>3600</string>
                <key>children</key>
                <array>
                    <string>3601</string>
                </array>
            </dict>
            <dict>
                <key>id</key>
                <string>3610</string>
                <key>children</key>
                <array>
                    <string>3611</string>
                </array>
            </dict>
            <dict>
                <key>id</key>
                <string>3619</string>
                <key>children</key>
                <array>
                    <string>3620</string>
                </array>
            </dict>
            <dict>
                <key>id</key>
                <string>3630</string>
                <key>children</key>
                <array>
                    <string>3631</string>
                </array>
            </dict>
            <dict>
                <key>id</key>
                <string>3639</string>
                <key>children</key>
                <array>
                    <string>3640</string>
                </array>
            </dict>
            <dict>
                <key>id</key>
                <string>3648</string>
                <key>children</key>
                <array>
                    <string>3649</string>
                </array>
            </dict>
            <dict>
                <key>id</key>
                <string>3670</string>
                <key>children</key>
                <array>
                    <string>3671</string>
                </array>
            </dict>
            <dict>
                <key>id</key>
                <string>3680</string>
                <key>children</key>
                <array>
                    <string>3681</string>
                </array>
            </dict>
            <dict>
                <key>id</key>
                <string>3689</string>
                <key>children</key>
                <array>
                    <string>3690</string>
                </array>
            </dict>
            <dict>
                <key>id</key>
                <string>3698</string>
                <key>children</key>
                <array>
                    <string>3699</string>
                </array>
            </dict>
            <dict>
                <key>id</key>
                <string>3707</string>
                <key>children</key>
                <array>
                    <string>3708</string>
                </array>
            </dict>
            <dict>
                <key>id</key>
                <string>3745</string>
                <key>children</key>
                <array>
                    <string>3746</string>
                </array>
            </dict>
            <dict>
                <key>id</key>
                <string>3754</string>
                <key>children</key>
                <array>
                    <string>3755</string>
                </array>
            </dict>
            <dict>
                <key>id</key>
                <string>3763</string>
                <key>children</key>
                <array>
                    <string>3764</string>
                </array>
            </dict>
            <dict>
                <key>id</key>
                <string>3772</string>
                <key>children</key>
                <array>
                    <string>3773</string>
                </array>
            </dict>
            <dict>
                <key>id</key>
                <string>3781</string>
                <key>children</key>
                <array>
                    <string>3782</string>
                </array>
            </dict>
            <dict>
                <key>id</key>
                <string>3790</string>
                <key>children</key>
                <array>
                    <string>3791</string>
                </array>
            </dict>
            <dict>
                <key>id</key>
                <string>3799</string>
                <key>children</key>
                <array>
                    <string>3800</string>
                </array>
            </dict>
            <dict>
                <key>id</key>
                <string>3819</string>
                <key>children</key>
                <array>
                    <string>3820</string>
                </array>
            </dict>
            <dict>
                <key>id</key>
                <string>3828</string>
                <key>children</key>
                <array>
                    <string>3829</string>
                </array>
            </dict>
            <dict>
                <key>id</key>
                <string>3838</string>
                <key>children</key>
                <array>
                    <string>3839</string>
                </array>
            </dict>
            <dict>
                <key>id</key>
                <string>3850</string>
                <key>children</key>
                <array>
                    <string>3851</string>
                </array>
            </dict>
            <dict>
                <key>id</key>
                <string>3863</string>
                <key>children</key>
                <array>
                    <string>3864</string>
                </array>
            </dict>
            <dict>
                <key>id</key>
                <string>3874</string>
                <key>children</key>
                <array>
                    <string>3875</string>
                </array>
            </dict>
            <dict>
                <key>id</key>
                <string>3884</string>
                <key>children</key>
                <array>
                    <string>3885</string>
                </array>
            </dict>
            <dict>
                <key>id</key>
                <string>3895</string>
                <key>children</key>
                <array>
                    <string>3896</string>
                </array>
            </dict>
            <dict>
                <key>id</key>
                <string>3906</string>
                <key>children</key>
                <array>
                    <string>3907</string>
                </array>
            </dict>
            <dict>
                <key>id</key>
                <string>3916</string>
                <key>children</key>
                <array>
                    <string>3917</string>
                </array>
            </dict>
            <dict>
                <key>id</key>
                <string>3930</string>
                <key>children</key>
                <array>
                    <string>3931</string>
                </array>
            </dict>
            <dict>
                <key>id</key>
                <string>3941</string>
                <key>children</key>
                <array>
                    <string>3942</string>
                </array>
            </dict>
            <dict>
                <key>id</key>
                <string>3953</string>
                <key>children</key>
                <array>
                    <string>3954</string>
                </array>
            </dict>
            <dict>
                <key>id</key>
                <string>3962</string>
                <key>children</key>
                <array>
                    <string>3963</string>
                </array>
            </dict>
            <dict>
                <key>id</key>
                <string>3971</string>
                <key>children</key>
                <array>
                    <string>3972</string>
                </array>
            </dict>
            <dict>
                <key>id</key>
                <string>3980</string>
                <key>children</key>
                <array>
                    <string>3981</string>
                </array>
            </dict>
            <dict>
                <key>id</key>
                <string>3990</string>
                <key>children</key>
                <array>
                    <string>3991</string>
                </array>
            </dict>
            <dict>
                <key>id</key>
                <string>3999</string>
                <key>children</key>
                <array>
                    <string>4000</string>
                </array>
            </dict>
            <dict>
                <key>id</key>
                <string>4009</string>
                <key>children</key>
                <array>
                    <string>4010</string>
                </array>
            </dict>
            <dict>
                <key>id</key>
                <string>4018</string>
                <key>children</key>
                <array>
                    <string>4019</string>
                </array>
            </dict>
            <dict>
                <key>id</key>
                <string>4028</string>
                <key>children</key>
                <array>
                    <string>4029</string>
                </array>
            </dict>
            <dict>
                <key>id</key>
                <string>4037</string>
                <key>children</key>
                <array>
                    <string>4038</string>
                </array>
            </dict>
            <dict>
                <key>id</key>
                <string>4046</string>
                <key>children</key>
                <array>
                    <string>4047</string>
                </array>
            </dict>
            <dict>
                <key>id</key>
                <string>4056</string>
                <key>children</key>
                <array>
                    <string>4057</string>
                </array>
            </dict>
            <dict>
                <key>id</key>
                <string>4065</string>
                <key>children</key>
                <array>
                    <string>4066</string>
                </array>
            </dict>
            <dict>
                <key>id</key>
                <string>4075</string>
                <key>children</key>
                <array>
                    <string>4076</string>
                </array>
            </dict>
            <dict>
                <key>id</key>
                <string>4084</string>
                <key>children</key>
                <array>
                    <string>4085</string>
                </array>
            </dict>
            <dict>
                <key>id</key>
                <string>4093</string>
                <key>children</key>
                <array>
                    <string>4094</string>
                </array>
            </dict>
            <dict>
                <key>id</key>
                <string>4102</string>
                <key>children</key>
                <array>
                    <string>4103</string>
                </array>
            </dict>
            <dict>
                <key>id</key>
                <string>4111</string>
                <key>children</key>
                <array>
                    <string>4112</string>
                </array>
            </dict>
            <dict>
                <key>id</key>
                <string>4121</string>
                <key>children</key>
                <array>
                    <string>4122</string>
                </array>
            </dict>
            <dict>
                <key>id</key>
                <string>4130</string>
                <key>children</key>
                <array>
                    <string>4131</string>
                </array>
            </dict>
            <dict>
                <key>id</key>
                <string>4139</string>
                <key>children</key>
                <array>
                    <string>4140</string>
                </array>
            </dict>
            <dict>
                <key>id</key>
                <string>4149</string>
                <key>children</key>
                <array>
                    <string>4150</string>
                </array>
            </dict>
            <dict>
                <key>id</key>
                <string>4158</string>
                <key>children</key>
                <array>
                    <string>4159</string>
                </array>
            </dict>
            <dict>
                <key>id</key>
                <string>4167</string>
                <key>children</key>
                <array>
                    <string>4168</string>
                </array>
            </dict>
            <dict>
                <key>id</key>
                <string>4176</string>
                <key>children</key>
                <array>
                    <string>4177</string>
                </array>
            </dict>
            <dict>
                <key>id</key>
                <string>4185</string>
                <key>children</key>
                <array>
                    <string>4186</string>
                </array>
            </dict>
            <dict>
                <key>id</key>
                <string>4195</string>
                <key>children</key>
                <array>
                    <string>4196</string>
                </array>
            </dict>
            <dict>
                <key>id</key>
                <string>4205</string>
                <key>children</key>
                <array>
                    <string>4206</string>
                </array>
            </dict>
            <dict>
                <key>id</key>
                <string>4215</string>
                <key>children</key>
                <array>
                    <string>4216</string>
                </array>
            </dict>
            <dict>
                <key>id</key>
                <string>4224</string>
                <key>children</key>
                <array>
                    <string>4225</string>
                </array>
            </dict>
            <dict>
                <key>id</key>
                <string>4233</string>
                <key>children</key>
                <array>
                    <string>4234</string>
                </array>
            </dict>
            <dict>
                <key>id</key>
                <string>4242</string>
                <key>children</key>
                <array>
                    <string>4243</string>
                </array>
            </dict>
            <dict>
                <key>id</key>
                <string>4251</string>
                <key>children</key>
                <array>
                    <string>4252</string>
                </array>
            </dict>
            <dict>
                <key>id</key>
                <string>4260</string>
                <key>children</key>
                <array>
                    <string>4261</string>
                </array>
            </dict>
            <dict>
                <key>id</key>
                <string>4269</string>
                <key>children</key>
                <array>
                    <string>4270</string>
                </array>
            </dict>
            <dict>
                <key>id</key>
                <string>4278</string>
                <key>children</key>
                <array>
                    <string>4279</string>
                </array>
            </dict>
            <dict>
                <key>id</key>
                <string>4287</string>
                <key>children</key>
                <array>
                    <string>4288</string>
                </array>
            </dict>
            <dict>
                <key>id</key>
                <string>4296</string>
                <key>children</key>
                <array>
                    <string>4297</string>
                </array>
            </dict>
            <dict>
                <key>id</key>
                <string>4306</string>
                <key>children</key>
                <array>
                    <string>4307</string>
                </array>
            </dict>
            <dict>
                <key>id</key>
                <string>4316</string>
                <key>children</key>
                <array>
                    <string>4317</string>
                </array>
            </dict>
            <dict>
                <key>id</key>
                <string>4325</string>
                <key>children</key>
                <array>
                    <string>4326</string>
                </array>
            </dict>
            <dict>
                <key>id</key>
                <string>4348</string>
                <key>children</key>
                <array>
                    <string>4349</string>
                </array>
            </dict>
            <dict>
                <key>id</key>
                <string>4370</string>
                <key>children</key>
                <array>
                    <string>4371</string>
                </array>
            </dict>
            <dict>
                <key>id</key>
                <string>4388</string>
                <key>children</key>
                <array>
                    <string>4389</string>
                </array>
            </dict>
            <dict>
                <key>id</key>
                <string>4397</string>
                <key>children</key>
                <array>
                    <string>4398</string>
                </array>
            </dict>
            <dict>
                <key>id</key>
                <string>4413</string>
                <key>children</key>
                <array>
                    <string>4414</string>
                </array>
            </dict>
            <dict>
                <key>id</key>
                <string>4423</string>
                <key>children</key>
                <array>
                    <string>4424</string>
                </array>
            </dict>
            <dict>
                <key>id</key>
                <string>4432</string>
                <key>children</key>
                <array>
                    <string>4433</string>
                </array>
            </dict>
            <dict>
                <key>id</key>
                <string>4441</string>
                <key>children</key>
                <array>
                    <string>4442</string>
                </array>
            </dict>
            <dict>
                <key>id</key>
                <string>4450</string>
                <key>children</key>
                <array>
                    <string>4451</string>
                </array>
            </dict>
            <dict>
                <key>id</key>
                <string>4459</string>
                <key>children</key>
                <array>
                    <string>4460</string>
                </array>
            </dict>
            <dict>
                <key>id</key>
                <string>4468</string>
                <key>children</key>
                <array>
                    <string>4469</string>
                </array>
            </dict>
            <dict>
                <key>id</key>
                <string>4477</string>
                <key>children</key>
                <array>
                    <string>4478</string>
                </array>
            </dict>
            <dict>
                <key>id</key>
                <string>4486</string>
                <key>children</key>
                <array>
                    <string>4487</string>
                </array>
            </dict>
            <dict>
                <key>id</key>
                <string>4495</string>
                <key>children</key>
                <array>
                    <string>4496</string>
                </array>
            </dict>
            <dict>
                <key>id</key>
                <string>4525</string>
                <key>children</key>
                <array>
                    <string>4526</string>
                </array>
            </dict>
            <dict>
                <key>id</key>
                <string>4540</string>
                <key>children</key>
                <array>
                    <string>4541</string>
                </array>
            </dict>
            <dict>
                <key>id</key>
                <string>4549</string>
                <key>children</key>
                <array>
                    <string>4550</string>
                </array>
            </dict>
            <dict>
                <key>id</key>
                <string>4558</string>
                <key>children</key>
                <array>
                    <string>4559</string>
                </array>
            </dict>
            <dict>
                <key>id</key>
                <string>4611</string>
                <key>children</key>
                <array>
                    <string>4612</string>
                </array>
            </dict>
            <dict>
                <key>id</key>
                <string>4620</string>
                <key>children</key>
                <array>
                    <string>4621</string>
                </array>
            </dict>
            <dict>
                <key>id</key>
                <string>4632</string>
                <key>children</key>
                <array>
                    <string>4633</string>
                </array>
            </dict>
            <dict>
                <key>id</key>
                <string>4641</string>
                <key>children</key>
                <array>
                    <string>4642</string>
                </array>
            </dict>
            <dict>
                <key>id</key>
                <string>4650</string>
                <key>children</key>
                <array>
                    <string>4651</string>
                </array>
            </dict>
            <dict>
                <key>id</key>
                <string>4670</string>
                <key>children</key>
                <array>
                    <string>4671</string>
                </array>
            </dict>
            <dict>
                <key>id</key>
                <string>4679</string>
                <key>children</key>
                <array>
                    <string>4680</string>
                </array>
            </dict>
            <dict>
                <key>id</key>
                <string>4688</string>
                <key>children</key>
                <array>
                    <string>4689</string>
                </array>
            </dict>
            <dict>
                <key>id</key>
                <string>4697</string>
                <key>children</key>
                <array>
                    <string>4698</string>
                </array>
            </dict>
            <dict>
                <key>id</key>
                <string>4730</string>
                <key>children</key>
                <array>
                    <string>4731</string>
                </array>
            </dict>
            <dict>
                <key>id</key>
                <string>4743</string>
                <key>children</key>
                <array>
                    <string>4744</string>
                </array>
            </dict>
            <dict>
                <key>id</key>
                <string>4752</string>
                <key>children</key>
                <array>
                    <string>4753</string>
                </array>
            </dict>
            <dict>
                <key>id</key>
                <string>4785</string>
                <key>children</key>
                <array>
                    <string>4786</string>
                </array>
            </dict>
            <dict>
                <key>id</key>
                <string>4794</string>
                <key>children</key>
                <array>
                    <string>4795</string>
                </array>
            </dict>
            <dict>
                <key>id</key>
                <string>4804</string>
                <key>children</key>
                <array>
                    <string>4805</string>
                </array>
            </dict>
            <dict>
                <key>id</key>
                <string>4813</string>
                <key>children</key>
                <array>
                    <string>4814</string>
                </array>
            </dict>
            <dict>
                <key>id</key>
                <string>4822</string>
                <key>children</key>
                <array>
                    <string>4823</string>
                </array>
            </dict>
            <dict>
                <key>id</key>
                <string>4831</string>
                <key>children</key>
                <array>
                    <string>4832</string>
                </array>
            </dict>
            <dict>
                <key>id</key>
                <string>4840</string>
                <key>children</key>
                <array>
                    <string>4841</string>
                </array>
            </dict>
            <dict>
                <key>id</key>
                <string>4849</string>
                <key>children</key>
                <array>
                    <string>4850</string>
                </array>
            </dict>
            <dict>
                <key>id</key>
                <string>4858</string>
                <key>children</key>
                <array>
                    <string>4859</string>
                </array>
            </dict>
            <dict>
                <key>id</key>
                <string>4867</string>
                <key>children</key>
                <array>
                    <string>4868</string>
                </array>
            </dict>
            <dict>
                <key>id</key>
                <string>4877</string>
                <key>children</key>
                <array>
                    <string>4878</string>
                </array>
            </dict>
            <dict>
                <key>id</key>
                <string>4886</string>
                <key>children</key>
                <array>
                    <string>4887</string>
                </array>
            </dict>
            <dict>
                <key>id</key>
                <string>4895</string>
                <key>children</key>
                <array>
                    <string>4896</string>
                </array>
            </dict>
            <dict>
                <key>id</key>
                <string>4904</string>
                <key>children</key>
                <array>
                    <string>4905</string>
                </array>
            </dict>
            <dict>
                <key>id</key>
                <string>4919</string>
                <key>children</key>
                <array>
                    <string>4920</string>
                </array>
            </dict>
            <dict>
                <key>id</key>
                <string>4930</string>
                <key>children</key>
                <array>
                    <string>4931</string>
                </array>
            </dict>
            <dict>
                <key>id</key>
                <string>4959</string>
                <key>children</key>
                <array>
                    <string>4960</string>
                </array>
            </dict>
            <dict>
                <key>id</key>
                <string>4971</string>
                <key>children</key>
                <array>
                    <string>4972</string>
                </array>
            </dict>
            <dict>
                <key>id</key>
                <string>4987</string>
                <key>children</key>
                <array>
                    <string>4988</string>
                </array>
            </dict>
            <dict>
                <key>id</key>
                <string>4999</string>
                <key>children</key>
                <array>
                    <string>5000</string>
                </array>
            </dict>
            <dict>
                <key>id</key>
                <string>5009</string>
                <key>children</key>
                <array>
                    <string>5010</string>
                </array>
            </dict>
            <dict>
                <key>id</key>
                <string>5018</string>
                <key>children</key>
                <array>
                    <string>5019</string>
                </array>
            </dict>
            <dict>
                <key>id</key>
                <string>5033</string>
                <key>children</key>
                <array>
                    <string>5034</string>
                </array>
            </dict>
            <dict>
                <key>id</key>
                <string>5044</string>
                <key>children</key>
                <array>
                    <string>5045</string>
                </array>
            </dict>
            <dict>
                <key>id</key>
                <string>5071</string>
                <key>children</key>
                <array>
                    <string>5072</string>
                </array>
            </dict>
            <dict>
                <key>id</key>
                <string>5080</string>
                <key>children</key>
                <array>
                    <string>5081</string>
                </array>
            </dict>
            <dict>
                <key>id</key>
                <string>5089</string>
                <key>children</key>
                <array>
                    <string>5090</string>
                </array>
            </dict>
            <dict>
                <key>id</key>
                <string>5098</string>
                <key>children</key>
                <array>
                    <string>5099</string>
                </array>
            </dict>
            <dict>
                <key>id</key>
                <string>5107</string>
                <key>children</key>
                <array>
                    <string>5108</string>
                </array>
            </dict>
            <dict>
                <key>id</key>
                <string>5116</string>
                <key>children</key>
                <array>
                    <string>5117</string>
                </array>
            </dict>
            <dict>
                <key>id</key>
                <string>5125</string>
                <key>children</key>
                <array>
                    <string>5126</string>
                </array>
            </dict>
            <dict>
                <key>id</key>
                <string>5149</string>
                <key>children</key>
                <array>
                    <string>5150</string>
                </array>
            </dict>
            <dict>
                <key>id</key>
                <string>5168</string>
                <key>children</key>
                <array>
                    <string>5169</string>
                </array>
            </dict>
            <dict>
                <key>id</key>
                <string>5178</string>
                <key>children</key>
                <array>
                    <string>5179</string>
                </array>
            </dict>
            <dict>
                <key>id</key>
                <string>5187</string>
                <key>children</key>
                <array>
                    <string>5188</string>
                </array>
            </dict>
            <dict>
                <key>id</key>
                <string>5196</string>
                <key>children</key>
                <array>
                    <string>5197</string>
                </array>
            </dict>
            <dict>
                <key>id</key>
                <string>5205</string>
                <key>children</key>
                <array>
                    <string>5206</string>
                </array>
            </dict>
            <dict>
                <key>id</key>
                <string>5214</string>
                <key>children</key>
                <array>
                    <string>5215</string>
                </array>
            </dict>
            <dict>
                <key>id</key>
                <string>5223</string>
                <key>children</key>
                <array>
                    <string>5224</string>
                </array>
            </dict>
            <dict>
                <key>id</key>
                <string>5232</string>
                <key>children</key>
                <array>
                    <string>5233</string>
                </array>
            </dict>
            <dict>
                <key>id</key>
                <string>5241</string>
                <key>children</key>
                <array>
                    <string>5242</string>
                </array>
            </dict>
            <dict>
                <key>id</key>
                <string>5250</string>
                <key>children</key>
                <array>
                    <string>5251</string>
                </array>
            </dict>
            <dict>
                <key>id</key>
                <string>5260</string>
                <key>children</key>
                <array>
                    <string>5261</string>
                </array>
            </dict>
            <dict>
                <key>id</key>
                <string>5269</string>
                <key>children</key>
                <array>
                    <string>5270</string>
                </array>
            </dict>
            <dict>
                <key>id</key>
                <string>5281</string>
                <key>children</key>
                <array>
                    <string>5282</string>
                </array>
            </dict>
            <dict>
                <key>id</key>
                <string>5290</string>
                <key>children</key>
                <array>
                    <string>5291</string>
                </array>
            </dict>
            <dict>
                <key>id</key>
                <string>5299</string>
                <key>children</key>
                <array>
                    <string>5300</string>
                </array>
            </dict>
            <dict>
                <key>id</key>
                <string>5309</string>
                <key>children</key>
                <array>
                    <string>5310</string>
                </array>
            </dict>
            <dict>
                <key>id</key>
                <string>5318</string>
                <key>children</key>
                <array>
                    <string>5319</string>
                </array>
            </dict>
            <dict>
                <key>id</key>
                <string>5327</string>
                <key>children</key>
                <array>
                    <string>5328</string>
                </array>
            </dict>
            <dict>
                <key>id</key>
                <string>5336</string>
                <key>children</key>
                <array>
                    <string>5337</string>
                </array>
            </dict>
            <dict>
                <key>id</key>
                <string>5345</string>
                <key>children</key>
                <array>
                    <string>5346</string>
                </array>
            </dict>
            <dict>
                <key>id</key>
                <string>5354</string>
                <key>children</key>
                <array>
                    <string>5355</string>
                </array>
            </dict>
            <dict>
                <key>id</key>
                <string>5363</string>
                <key>children</key>
                <array>
                    <string>5364</string>
                </array>
            </dict>
            <dict>
                <key>id</key>
                <string>5372</string>
                <key>children</key>
                <array>
                    <string>5373</string>
                </array>
            </dict>
            <dict>
                <key>id</key>
                <string>5381</string>
                <key>children</key>
                <array>
                    <string>5382</string>
                </array>
            </dict>
            <dict>
                <key>id</key>
                <string>5390</string>
                <key>children</key>
                <array>
                    <string>5391</string>
                </array>
            </dict>
            <dict>
                <key>id</key>
                <string>5399</string>
                <key>children</key>
                <array>
                    <string>5400</string>
                </array>
            </dict>
            <dict>
                <key>id</key>
                <string>5408</string>
                <key>children</key>
                <array>
                    <string>5409</string>
                </array>
            </dict>
            <dict>
                <key>id</key>
                <string>5417</string>
                <key>children</key>
                <array>
                    <string>5418</string>
                </array>
            </dict>
            <dict>
                <key>id</key>
                <string>5426</string>
                <key>children</key>
                <array>
                    <string>5427</string>
                </array>
            </dict>
            <dict>
                <key>id</key>
                <string>5438</string>
                <key>children</key>
                <array>
                    <string>5439</string>
                </array>
            </dict>
            <dict>
                <key>id</key>
                <string>5447</string>
                <key>children</key>
                <array>
                    <string>5448</string>
                </array>
            </dict>
            <dict>
                <key>id</key>
                <string>5456</string>
                <key>children</key>
                <array>
                    <string>5457</string>
                </array>
            </dict>
            <dict>
                <key>id</key>
                <string>5465</string>
                <key>children</key>
                <array>
                    <string>5466</string>
                </array>
            </dict>
            <dict>
                <key>id</key>
                <string>5475</string>
                <key>children</key>
                <array>
                    <string>5476</string>
                </array>
            </dict>
            <dict>
                <key>id</key>
                <string>5485</string>
                <key>children</key>
                <array>
                    <string>5486</string>
                </array>
            </dict>
            <dict>
                <key>id</key>
                <string>5494</string>
                <key>children</key>
                <array>
                    <string>5495</string>
                </array>
            </dict>
            <dict>
                <key>id</key>
                <string>5703</string>
                <key>children</key>
                <array>
                    <string>5704</string>
                </array>
            </dict>
            <dict>
                <key>id</key>
                <string>5892</string>
                <key>children</key>
                <array>
                    <string>5893</string>
                </array>
            </dict>
            <dict>
                <key>id</key>
                <string>5904</string>
                <key>children</key>
                <array>
                    <string>5905</string>
                </array>
            </dict>
            <dict>
                <key>id</key>
                <string>5920</string>
                <key>children</key>
                <array>
                    <string>5921</string>
                </array>
            </dict>
            <dict>
                <key>id</key>
                <string>5929</string>
                <key>children</key>
                <array>
                    <string>5930</string>
                </array>
            </dict>
            <dict>
                <key>id</key>
                <string>5938</string>
                <key>children</key>
                <array>
                    <string>5939</string>
                </array>
            </dict>
            <dict>
                <key>id</key>
                <string>5947</string>
                <key>children</key>
                <array>
                    <string>5948</string>
                </array>
            </dict>
            <dict>
                <key>id</key>
                <string>5956</string>
                <key>children</key>
                <array>
                    <string>5957</string>
                </array>
            </dict>
            <dict>
                <key>id</key>
                <string>5965</string>
                <key>children</key>
                <array>
                    <string>5966</string>
                </array>
            </dict>
            <dict>
                <key>id</key>
                <string>5974</string>
                <key>children</key>
                <array>
                    <string>5975</string>
                </array>
            </dict>
            <dict>
                <key>id</key>
                <string>5983</string>
                <key>children</key>
                <array>
                    <string>5984</string>
                </array>
            </dict>
            <dict>
                <key>id</key>
                <string>5992</string>
                <key>children</key>
                <array>
                    <string>5993</string>
                </array>
            </dict>
            <dict>
                <key>id</key>
                <string>6002</string>
                <key>children</key>
                <array>
                    <string>6003</string>
                </array>
            </dict>
            <dict>
                <key>id</key>
                <string>6011</string>
                <key>children</key>
                <array>
                    <string>6012</string>
                </array>
            </dict>
            <dict>
                <key>id</key>
                <string>6020</string>
                <key>children</key>
                <array>
                    <string>6021</string>
                </array>
            </dict>
            <dict>
                <key>id</key>
                <string>6029</string>
                <key>children</key>
                <array>
                    <string>6030</string>
                </array>
            </dict>
            <dict>
                <key>id</key>
                <string>6038</string>
                <key>children</key>
                <array>
                    <string>6039</string>
                </array>
            </dict>
            <dict>
                <key>id</key>
                <string>6047</string>
                <key>children</key>
                <array>
                    <string>6048</string>
                </array>
            </dict>
            <dict>
                <key>id</key>
                <string>6056</string>
                <key>children</key>
                <array>
                    <string>6057</string>
                </array>
            </dict>
            <dict>
                <key>id</key>
                <string>6065</string>
                <key>children</key>
                <array>
                    <string>6066</string>
                </array>
            </dict>
            <dict>
                <key>id</key>
                <string>6074</string>
                <key>children</key>
                <array>
                    <string>6075</string>
                </array>
            </dict>
            <dict>
                <key>id</key>
                <string>6083</string>
                <key>children</key>
                <array>
                    <string>6084</string>
                </array>
            </dict>
            <dict>
                <key>id</key>
                <string>6092</string>
                <key>children</key>
                <array>
                    <string>6093</string>
                </array>
            </dict>
            <dict>
                <key>id</key>
                <string>6158</string>
                <key>children</key>
                <array>
                    <string>6159</string>
                </array>
            </dict>
            <dict>
                <key>id</key>
                <string>6167</string>
                <key>children</key>
                <array>
                    <string>6168</string>
                </array>
            </dict>
            <dict>
                <key>id</key>
                <string>6176</string>
                <key>children</key>
                <array>
                    <string>6177</string>
                </array>
            </dict>
            <dict>
                <key>id</key>
                <string>6185</string>
                <key>children</key>
                <array>
                    <string>6186</string>
                </array>
            </dict>
            <dict>
                <key>id</key>
                <string>6194</string>
                <key>children</key>
                <array>
                    <string>6195</string>
                </array>
            </dict>
            <dict>
                <key>id</key>
                <string>6204</string>
                <key>children</key>
                <array>
                    <string>6205</string>
                </array>
            </dict>
            <dict>
                <key>id</key>
                <string>6215</string>
                <key>children</key>
                <array>
                    <string>6216</string>
                </array>
            </dict>
            <dict>
                <key>id</key>
                <string>6225</string>
                <key>children</key>
                <array>
                    <string>6226</string>
                </array>
            </dict>
            <dict>
                <key>id</key>
                <string>6234</string>
                <key>children</key>
                <array>
                    <string>6235</string>
                </array>
            </dict>
            <dict>
                <key>id</key>
                <string>6246</string>
                <key>children</key>
                <array>
                    <string>6247</string>
                </array>
            </dict>
            <dict>
                <key>id</key>
                <string>6255</string>
                <key>children</key>
                <array>
                    <string>6256</string>
                </array>
            </dict>
            <dict>
                <key>id</key>
                <string>6264</string>
                <key>children</key>
                <array>
                    <string>6265</string>
                </array>
            </dict>
            <dict>
                <key>id</key>
                <string>6273</string>
                <key>children</key>
                <array>
                    <string>6274</string>
                </array>
            </dict>
            <dict>
                <key>id</key>
                <string>6283</string>
                <key>children</key>
                <array>
                    <string>6284</string>
                </array>
            </dict>
            <dict>
                <key>id</key>
                <string>6348</string>
                <key>children</key>
                <array>
                    <string>6349</string>
                </array>
            </dict>
            <dict>
                <key>id</key>
                <string>6371</string>
                <key>children</key>
                <array>
                    <string>6372</string>
                </array>
            </dict>
            <dict>
                <key>id</key>
                <string>6380</string>
                <key>children</key>
                <array>
                    <string>6381</string>
                </array>
            </dict>
            <dict>
                <key>id</key>
                <string>6390</string>
                <key>children</key>
                <array>
                    <string>6391</string>
                </array>
            </dict>
            <dict>
                <key>id</key>
                <string>6399</string>
                <key>children</key>
                <array>
                    <string>6400</string>
                </array>
            </dict>
            <dict>
                <key>id</key>
                <string>6409</string>
                <key>children</key>
                <array>
                    <string>6410</string>
                </array>
            </dict>
            <dict>
                <key>id</key>
                <string>6420</string>
                <key>children</key>
                <array>
                    <string>6421</string>
                </array>
            </dict>
            <dict>
                <key>id</key>
                <string>6429</string>
                <key>children</key>
                <array>
                    <string>6430</string>
                </array>
            </dict>
            <dict>
                <key>id</key>
                <string>6439</string>
                <key>children</key>
                <array>
                    <string>6440</string>
                </array>
            </dict>
            <dict>
                <key>id</key>
                <string>6449</string>
                <key>children</key>
                <array>
                    <string>6450</string>
                </array>
            </dict>
            <dict>
                <key>id</key>
                <string>6458</string>
                <key>children</key>
                <array>
                    <string>6459</string>
                </array>
            </dict>
            <dict>
                <key>id</key>
                <string>6468</string>
                <key>children</key>
                <array>
                    <string>6469</string>
                </array>
            </dict>
            <dict>
                <key>id</key>
                <string>6477</string>
                <key>children</key>
                <array>
                    <string>6478</string>
                </array>
            </dict>
            <dict>
                <key>id</key>
                <string>6486</string>
                <key>children</key>
                <array>
                    <string>6487</string>
                </array>
            </dict>
            <dict>
                <key>id</key>
                <string>6495</string>
                <key>children</key>
                <array>
                    <string>6496</string>
                </array>
            </dict>
            <dict>
                <key>id</key>
                <string>6505</string>
                <key>children</key>
                <array>
                    <string>6506</string>
                </array>
            </dict>
            <dict>
                <key>id</key>
                <string>6514</string>
                <key>children</key>
                <array>
                    <string>6515</string>
                </array>
            </dict>
            <dict>
                <key>id</key>
                <string>6524</string>
                <key>children</key>
                <array>
                    <string>6525</string>
                </array>
            </dict>
            <dict>
                <key>id</key>
                <string>6533</string>
                <key>children</key>
                <array>
                    <string>6534</string>
                </array>
            </dict>
            <dict>
                <key>id</key>
                <string>6601</string>
                <key>children</key>
                <array>
                    <string>6602</string>
                </array>
            </dict>
            <dict>
                <key>id</key>
                <string>6620</string>
                <key>children</key>
                <array>
                    <string>6621</string>
                </array>
            </dict>
            <dict>
                <key>id</key>
                <string>6629</string>
                <key>children</key>
                <array>
                    <string>6630</string>
                </array>
            </dict>
            <dict>
                <key>id</key>
                <string>6638</string>
                <key>children</key>
                <array>
                    <string>6639</string>
                </array>
            </dict>
            <dict>
                <key>id</key>
                <string>6647</string>
                <key>children</key>
                <array>
                    <string>6648</string>
                </array>
            </dict>
            <dict>
                <key>id</key>
                <string>6656</string>
                <key>children</key>
                <array>
                    <string>6657</string>
                </array>
            </dict>
            <dict>
                <key>id</key>
                <string>6665</string>
                <key>children</key>
                <array>
                    <string>6666</string>
                </array>
            </dict>
            <dict>
                <key>id</key>
                <string>6674</string>
                <key>children</key>
                <array>
                    <string>6675</string>
                </array>
            </dict>
            <dict>
                <key>id</key>
                <string>6683</string>
                <key>children</key>
                <array>
                    <string>6684</string>
                </array>
            </dict>
            <dict>
                <key>id</key>
                <string>6693</string>
                <key>children</key>
                <array>
                    <string>6694</string>
                </array>
            </dict>
            <dict>
                <key>id</key>
                <string>6703</string>
                <key>children</key>
                <array>
                    <string>6704</string>
                </array>
            </dict>
            <dict>
                <key>id</key>
                <string>6765</string>
                <key>children</key>
                <array>
                    <string>6766</string>
                </array>
            </dict>
            <dict>
                <key>id</key>
                <string>6774</string>
                <key>children</key>
                <array>
                    <string>6775</string>
                </array>
            </dict>
            <dict>
                <key>id</key>
                <string>6783</string>
                <key>children</key>
                <array>
                    <string>6784</string>
                </array>
            </dict>
            <dict>
                <key>id</key>
                <string>6794</string>
                <key>children</key>
                <array>
                    <string>6795</string>
                </array>
            </dict>
            <dict>
                <key>id</key>
                <string>6803</string>
                <key>children</key>
                <array>
                    <string>6804</string>
                </array>
            </dict>
            <dict>
                <key>id</key>
                <string>6812</string>
                <key>children</key>
                <array>
                    <string>6813</string>
                </array>
            </dict>
            <dict>
                <key>id</key>
                <string>6879</string>
                <key>children</key>
                <array>
                    <string>6880</string>
                </array>
            </dict>
            <dict>
                <key>id</key>
                <string>6888</string>
                <key>children</key>
                <array>
                    <string>6889</string>
                </array>
            </dict>
            <dict>
                <key>id</key>
                <string>6897</string>
                <key>children</key>
                <array>
                    <string>6898</string>
                </array>
            </dict>
            <dict>
                <key>id</key>
                <string>6906</string>
                <key>children</key>
                <array>
                    <string>6907</string>
                </array>
            </dict>
            <dict>
                <key>id</key>
                <string>6916</string>
                <key>children</key>
                <array>
                    <string>6917</string>
                </array>
            </dict>
            <dict>
                <key>id</key>
                <string>7031</string>
                <key>children</key>
                <array>
                    <string>7032</string>
                </array>
            </dict>
            <dict>
                <key>id</key>
                <string>7040</string>
                <key>children</key>
                <array>
                    <string>7041</string>
                </array>
            </dict>
            <dict>
                <key>id</key>
                <string>7049</string>
                <key>children</key>
                <array>
                    <string>7050</string>
                </array>
            </dict>
            <dict>
                <key>id</key>
                <string>7058</string>
                <key>children</key>
                <array>
                    <string>7059</string>
                </array>
            </dict>
            <dict>
                <key>id</key>
                <string>7073</string>
                <key>children</key>
                <array>
                    <string>7074</string>
                </array>
            </dict>
            <dict>
                <key>id</key>
                <string>7149</string>
                <key>children</key>
                <array>
                    <string>7150</string>
                </array>
            </dict>
            <dict>
                <key>id</key>
                <string>7158</string>
                <key>children</key>
                <array>
                    <string>7159</string>
                </array>
            </dict>
            <dict>
                <key>id</key>
                <string>7167</string>
                <key>children</key>
                <array>
                    <string>7168</string>
                </array>
            </dict>
            <dict>
                <key>id</key>
                <string>7176</string>
                <key>children</key>
                <array>
                    <string>7177</string>
                </array>
            </dict>
            <dict>
                <key>id</key>
                <string>7186</string>
                <key>children</key>
                <array>
                    <string>7187</string>
                </array>
            </dict>
            <dict>
                <key>id</key>
                <string>7197</string>
                <key>children</key>
                <array>
                    <string>7198</string>
                </array>
            </dict>
            <dict>
                <key>id</key>
                <string>7206</string>
                <key>children</key>
                <array>
                    <string>7207</string>
                </array>
            </dict>
            <dict>
                <key>id</key>
                <string>7215</string>
                <key>children</key>
                <array>
                    <string>7216</string>
                </array>
            </dict>
            <dict>
                <key>id</key>
                <string>7225</string>
                <key>children</key>
                <array>
                    <string>7226</string>
                </array>
            </dict>
            <dict>
                <key>id</key>
                <string>7234</string>
                <key>children</key>
                <array>
                    <string>7235</string>
                </array>
            </dict>
            <dict>
                <key>id</key>
                <string>7243</string>
                <key>children</key>
                <array>
                    <string>7244</string>
                </array>
            </dict>
            <dict>
                <key>id</key>
                <string>7252</string>
                <key>children</key>
                <array>
                    <string>7253</string>
                </array>
            </dict>
            <dict>
                <key>id</key>
                <string>7262</string>
                <key>children</key>
                <array>
                    <string>7263</string>
                </array>
            </dict>
            <dict>
                <key>id</key>
                <string>7271</string>
                <key>children</key>
                <array>
                    <string>7272</string>
                </array>
            </dict>
            <dict>
                <key>id</key>
                <string>7280</string>
                <key>children</key>
                <array>
                    <string>7281</string>
                </array>
            </dict>
            <dict>
                <key>id</key>
                <string>7289</string>
                <key>children</key>
                <array>
                    <string>7290</string>
                </array>
            </dict>
        </array>
    </dict>
</plist>
