<?xml version="1.0" encoding="UTF-8"?>
<!DOCTYPE plist PUBLIC "-//Apple//DTD PLIST 1.0//EN" "http://www.apple.com/DTDs/PropertyList-1.0.dtd"/>

<plist version="1.0">
    <dict>
        <key>ROOT</key>
        <array>
            <dict>
                <key>id</key>
                <string>103</string>
                <key>className</key>
                <string>PTModelLevelSection</string>
                <key>Name</key>
                <dict>
                    <key>visible</key>
                    <string>0</string>
                    <key>value</key>
                    <string>Start</string>
                </dict>
                <key>End Distance</key>
                <dict>
                    <key>value</key>
                    <string>1.000000</string>
                </dict>
                <key>Width</key>
                <dict>
                    <key>value</key>
                    <string>1136.000000</string>
                </dict>
                <key>muted</key>
                <string>0</string>
                <key>solo</key>
                <string>0</string>
                <key>initSection</key>
                <string>1</string>
                <key>parentScreenId</key>
                <string>102</string>
            </dict>
            <dict>
                <key>id</key>
                <string>1395</string>
                <key>className</key>
                <string>PTModelLevelSection</string>
                <key>Name</key>
                <dict>
                    <key>visible</key>
                    <string>0</string>
                    <key>value</key>
                    <string>Start</string>
                </dict>
                <key>Start Distance</key>
                <dict>
                    <key>animations</key>
                    <array/>
                </dict>
                <key>End Distance</key>
                <dict>
                    <key>value</key>
                    <string>1.000000</string>
                    <key>animations</key>
                    <array/>
                </dict>
                <key>Width</key>
                <dict>
                    <key>value</key>
                    <string>1271.300415</string>
                    <key>animations</key>
                    <array/>
                </dict>
                <key>Play Cooldown</key>
                <dict>
                    <key>animations</key>
                    <array/>
                </dict>
                <key>muted</key>
                <string>0</string>
                <key>solo</key>
                <string>0</string>
                <key>initSection</key>
                <string>1</string>
                <key>parentScreenId</key>
                <string>1394</string>
            </dict>
            <dict>
                <key>id</key>
                <string>1407</string>
                <key>className</key>
                <string>PTModelLevelSection</string>
                <key>Name</key>
                <dict>
                    <key>value</key>
                    <string>1</string>
                </dict>
                <key>Start Distance</key>
                <dict>
                    <key>value</key>
                    <string>1.000000</string>
                    <key>animations</key>
                    <array/>
                </dict>
                <key>End Distance</key>
                <dict>
                    <key>animations</key>
                    <array/>
                </dict>
                <key>Width</key>
                <dict>
                    <key>value</key>
                    <string>1277.378296</string>
                    <key>animations</key>
                    <array/>
                </dict>
                <key>Play Cooldown</key>
                <dict>
                    <key>animations</key>
                    <array/>
                </dict>
                <key>muted</key>
                <string>0</string>
                <key>solo</key>
                <string>0</string>
                <key>initSection</key>
                <string>0</string>
                <key>parentScreenId</key>
                <string>1394</string>
            </dict>
            <dict>
                <key>id</key>
                <string>1762</string>
                <key>className</key>
                <string>PTModelLevelSection</string>
                <key>Name</key>
                <dict>
                    <key>value</key>
                    <string>2</string>
                </dict>
                <key>Start Distance</key>
                <dict>
                    <key>animations</key>
                    <array/>
                </dict>
                <key>End Distance</key>
                <dict>
                    <key>animations</key>
                    <array/>
                </dict>
                <key>Width</key>
                <dict>
                    <key>value</key>
                    <string>1282.349609</string>
                    <key>animations</key>
                    <array/>
                </dict>
                <key>Play Cooldown</key>
                <dict>
                    <key>animations</key>
                    <array/>
                </dict>
                <key>muted</key>
                <string>0</string>
                <key>solo</key>
                <string>0</string>
                <key>initSection</key>
                <string>0</string>
                <key>parentScreenId</key>
                <string>1394</string>
            </dict>
            <dict>
                <key>id</key>
                <string>1774</string>
                <key>className</key>
                <string>PTModelLevelSection</string>
                <key>Name</key>
                <dict>
                    <key>value</key>
                    <string>3</string>
                </dict>
                <key>Start Distance</key>
                <dict>
                    <key>animations</key>
                    <array/>
                </dict>
                <key>End Distance</key>
                <dict>
                    <key>animations</key>
                    <array/>
                </dict>
                <key>Width</key>
                <dict>
                    <key>value</key>
                    <string>1282.349609</string>
                    <key>animations</key>
                    <array/>
                </dict>
                <key>Play Cooldown</key>
                <dict>
                    <key>animations</key>
                    <array/>
                </dict>
                <key>muted</key>
                <string>0</string>
                <key>solo</key>
                <string>0</string>
                <key>initSection</key>
                <string>0</string>
                <key>parentScreenId</key>
                <string>1394</string>
            </dict>
            <dict>
                <key>id</key>
                <string>2203</string>
                <key>className</key>
                <string>PTModelLevelSection</string>
                <key>Name</key>
                <dict>
                    <key>value</key>
                    <string>4</string>
                </dict>
                <key>Start Distance</key>
                <dict>
                    <key>animations</key>
                    <array/>
                </dict>
                <key>End Distance</key>
                <dict>
                    <key>animations</key>
                    <array/>
                </dict>
                <key>Width</key>
                <dict>
                    <key>value</key>
                    <string>1282.349609</string>
                    <key>animations</key>
                    <array/>
                </dict>
                <key>Play Cooldown</key>
                <dict>
                    <key>animations</key>
                    <array/>
                </dict>
                <key>muted</key>
                <string>0</string>
                <key>solo</key>
                <string>0</string>
                <key>initSection</key>
                <string>0</string>
                <key>parentScreenId</key>
                <string>1394</string>
            </dict>
            <dict>
                <key>id</key>
                <string>2846</string>
                <key>className</key>
                <string>PTModelLevelSection</string>
                <key>Name</key>
                <dict>
                    <key>value</key>
                    <string>5</string>
                </dict>
                <key>Start Distance</key>
                <dict>
                    <key>animations</key>
                    <array/>
                </dict>
                <key>End Distance</key>
                <dict>
                    <key>animations</key>
                    <array/>
                </dict>
                <key>Width</key>
                <dict>
                    <key>value</key>
                    <string>1282.349609</string>
                    <key>animations</key>
                    <array/>
                </dict>
                <key>Play Cooldown</key>
                <dict>
                    <key>animations</key>
                    <array/>
                </dict>
                <key>muted</key>
                <string>0</string>
                <key>solo</key>
                <string>0</string>
                <key>initSection</key>
                <string>0</string>
                <key>parentScreenId</key>
                <string>1394</string>
            </dict>
            <dict>
                <key>id</key>
                <string>2930</string>
                <key>className</key>
                <string>PTModelLevelSection</string>
                <key>Name</key>
                <dict>
                    <key>value</key>
                    <string>6</string>
                </dict>
                <key>Start Distance</key>
                <dict>
                    <key>animations</key>
                    <array/>
                </dict>
                <key>End Distance</key>
                <dict>
                    <key>animations</key>
                    <array/>
                </dict>
                <key>Width</key>
                <dict>
                    <key>value</key>
                    <string>1282.349609</string>
                    <key>animations</key>
                    <array/>
                </dict>
                <key>Play Cooldown</key>
                <dict>
                    <key>animations</key>
                    <array/>
                </dict>
                <key>muted</key>
                <string>0</string>
                <key>solo</key>
                <string>0</string>
                <key>initSection</key>
                <string>0</string>
                <key>parentScreenId</key>
                <string>1394</string>
            </dict>
            <dict>
                <key>id</key>
                <string>3215</string>
                <key>className</key>
                <string>PTModelLevelSection</string>
                <key>Name</key>
                <dict>
                    <key>value</key>
                    <string>7</string>
                </dict>
                <key>Start Distance</key>
                <dict>
                    <key>animations</key>
                    <array/>
                </dict>
                <key>End Distance</key>
                <dict>
                    <key>animations</key>
                    <array/>
                </dict>
                <key>Width</key>
                <dict>
                    <key>value</key>
                    <string>1363.479248</string>
                    <key>animations</key>
                    <array/>
                </dict>
                <key>Play Cooldown</key>
                <dict>
                    <key>animations</key>
                    <array/>
                </dict>
                <key>muted</key>
                <string>0</string>
                <key>solo</key>
                <string>0</string>
                <key>initSection</key>
                <string>0</string>
                <key>parentScreenId</key>
                <string>1394</string>
            </dict>
            <dict>
                <key>id</key>
                <string>3540</string>
                <key>className</key>
                <string>PTModelLevelSection</string>
                <key>Name</key>
                <dict>
                    <key>value</key>
                    <string>8</string>
                </dict>
                <key>Start Distance</key>
                <dict>
                    <key>animations</key>
                    <array/>
                </dict>
                <key>End Distance</key>
                <dict>
                    <key>animations</key>
                    <array/>
                </dict>
                <key>Width</key>
                <dict>
                    <key>value</key>
                    <string>1363.479248</string>
                    <key>animations</key>
                    <array/>
                </dict>
                <key>Play Cooldown</key>
                <dict>
                    <key>animations</key>
                    <array/>
                </dict>
                <key>muted</key>
                <string>0</string>
                <key>solo</key>
                <string>0</string>
                <key>initSection</key>
                <string>0</string>
                <key>parentScreenId</key>
                <string>1394</string>
            </dict>
            <dict>
                <key>id</key>
                <string>1687</string>
                <key>className</key>
                <string>PTModelLevelSection</string>
                <key>Name</key>
                <dict>
                    <key>value</key>
                    <string>Start</string>
                </dict>
                <key>End Distance</key>
                <dict>
                    <key>value</key>
                    <string>1.000000</string>
                </dict>
                <key>Width</key>
                <dict>
                    <key>value</key>
                    <string>1136.000000</string>
                </dict>
                <key>muted</key>
                <string>0</string>
                <key>solo</key>
                <string>0</string>
                <key>initSection</key>
                <string>0</string>
                <key>parentScreenId</key>
                <string>1684</string>
            </dict>
            <dict>
                <key>id</key>
                <string>4334</string>
                <key>className</key>
                <string>PTModelLevelSection</string>
                <key>Name</key>
                <dict>
                    <key>value</key>
                    <string>10</string>
                </dict>
                <key>Start Distance</key>
                <dict>
                    <key>animations</key>
                    <array/>
                </dict>
                <key>End Distance</key>
                <dict>
                    <key>animations</key>
                    <array/>
                </dict>
                <key>Width</key>
                <dict>
                    <key>value</key>
                    <string>1368.245850</string>
                    <key>animations</key>
                    <array/>
                </dict>
                <key>Play Cooldown</key>
                <dict>
                    <key>animations</key>
                    <array/>
                </dict>
                <key>muted</key>
                <string>0</string>
                <key>solo</key>
                <string>0</string>
                <key>initSection</key>
                <string>0</string>
                <key>parentScreenId</key>
                <string>1394</string>
            </dict>
            <dict>
                <key>id</key>
                <string>4503</string>
                <key>className</key>
                <string>PTModelLevelSection</string>
                <key>Name</key>
                <dict>
                    <key>value</key>
                    <string>11</string>
                </dict>
                <key>Width</key>
                <dict>
                    <key>value</key>
                    <string>1363.479248</string>
                </dict>
                <key>muted</key>
                <string>0</string>
                <key>solo</key>
                <string>0</string>
                <key>initSection</key>
                <string>0</string>
                <key>parentScreenId</key>
                <string>1394</string>
            </dict>
            <dict>
                <key>id</key>
                <string>1663</string>
                <key>className</key>
                <string>PTModelLevelSection</string>
                <key>Name</key>
                <dict>
                    <key>value</key>
                    <string>Start</string>
                </dict>
                <key>End Distance</key>
                <dict>
                    <key>value</key>
                    <string>1.000000</string>
                </dict>
                <key>Width</key>
                <dict>
                    <key>value</key>
                    <string>1136.000000</string>
                </dict>
                <key>muted</key>
                <string>0</string>
                <key>solo</key>
                <string>0</string>
                <key>initSection</key>
                <string>0</string>
                <key>parentScreenId</key>
                <string>1660</string>
            </dict>
            <dict>
                <key>id</key>
                <string>1639</string>
                <key>className</key>
                <string>PTModelLevelSection</string>
                <key>Name</key>
                <dict>
                    <key>value</key>
                    <string>Start</string>
                </dict>
                <key>End Distance</key>
                <dict>
                    <key>value</key>
                    <string>1.000000</string>
                </dict>
                <key>Width</key>
                <dict>
                    <key>value</key>
                    <string>1136.000000</string>
                </dict>
                <key>muted</key>
                <string>0</string>
                <key>solo</key>
                <string>0</string>
                <key>initSection</key>
                <string>0</string>
                <key>parentScreenId</key>
                <string>1636</string>
            </dict>
            <dict>
                <key>id</key>
                <string>1694</string>
                <key>className</key>
                <string>PTModelLevelSection</string>
                <key>Name</key>
                <dict>
                    <key>value</key>
                    <string>1</string>
                </dict>
                <key>Start Distance</key>
                <dict>
                    <key>value</key>
                    <string>1.000000</string>
                </dict>
                <key>Width</key>
                <dict>
                    <key>value</key>
                    <string>1136.000000</string>
                </dict>
                <key>muted</key>
                <string>0</string>
                <key>solo</key>
                <string>0</string>
                <key>initSection</key>
                <string>0</string>
                <key>parentScreenId</key>
                <string>1684</string>
            </dict>
            <dict>
                <key>id</key>
                <string>1670</string>
                <key>className</key>
                <string>PTModelLevelSection</string>
                <key>Name</key>
                <dict>
                    <key>value</key>
                    <string>1</string>
                </dict>
                <key>Start Distance</key>
                <dict>
                    <key>value</key>
                    <string>1.000000</string>
                </dict>
                <key>Width</key>
                <dict>
                    <key>value</key>
                    <string>1136.000000</string>
                </dict>
                <key>muted</key>
                <string>0</string>
                <key>solo</key>
                <string>0</string>
                <key>initSection</key>
                <string>0</string>
                <key>parentScreenId</key>
                <string>1660</string>
            </dict>
            <dict>
                <key>id</key>
                <string>1646</string>
                <key>className</key>
                <string>PTModelLevelSection</string>
                <key>Name</key>
                <dict>
                    <key>value</key>
                    <string>1</string>
                </dict>
                <key>Start Distance</key>
                <dict>
                    <key>value</key>
                    <string>1.000000</string>
                </dict>
                <key>Width</key>
                <dict>
                    <key>value</key>
                    <string>1136.000000</string>
                </dict>
                <key>muted</key>
                <string>0</string>
                <key>solo</key>
                <string>0</string>
                <key>initSection</key>
                <string>0</string>
                <key>parentScreenId</key>
                <string>1636</string>
            </dict>
            <dict>
                <key>id</key>
                <string>1249</string>
                <key>className</key>
                <string>PTModelLevelSection</string>
                <key>Name</key>
                <dict>
                    <key>visible</key>
                    <string>0</string>
                    <key>value</key>
                    <string>Start</string>
                </dict>
                <key>End Distance</key>
                <dict>
                    <key>value</key>
                    <string>1.000000</string>
                </dict>
                <key>Width</key>
                <dict>
                    <key>value</key>
                    <string>1136.000000</string>
                </dict>
                <key>muted</key>
                <string>0</string>
                <key>solo</key>
                <string>0</string>
                <key>initSection</key>
                <string>1</string>
                <key>parentScreenId</key>
                <string>1248</string>
            </dict>
            <dict>
                <key>id</key>
                <string>104</string>
                <key>className</key>
                <string>PTModelLevelSection</string>
                <key>Name</key>
                <dict>
                    <key>value</key>
                    <string>1</string>
                </dict>
                <key>Start Distance</key>
                <dict>
                    <key>value</key>
                    <string>1.000000</string>
                </dict>
                <key>Width</key>
                <dict>
                    <key>value</key>
                    <string>3001.879883</string>
                </dict>
                <key>muted</key>
                <string>0</string>
                <key>solo</key>
                <string>0</string>
                <key>initSection</key>
                <string>0</string>
                <key>parentScreenId</key>
                <string>102</string>
            </dict>
            <dict>
                <key>id</key>
                <string>938</string>
                <key>className</key>
                <string>PTModelLevelSection</string>
                <key>Name</key>
                <dict>
                    <key>visible</key>
                    <string>0</string>
                    <key>value</key>
                    <string>Start</string>
                </dict>
                <key>End Distance</key>
                <dict>
                    <key>value</key>
                    <string>1.000000</string>
                </dict>
                <key>Width</key>
                <dict>
                    <key>value</key>
                    <string>1136.000000</string>
                </dict>
                <key>muted</key>
                <string>0</string>
                <key>solo</key>
                <string>0</string>
                <key>initSection</key>
                <string>1</string>
                <key>parentScreenId</key>
                <string>937</string>
            </dict>
            <dict>
                <key>id</key>
                <string>939</string>
                <key>className</key>
                <string>PTModelLevelSection</string>
                <key>Name</key>
                <dict>
                    <key>value</key>
                    <string>1</string>
                </dict>
                <key>Start Distance</key>
                <dict>
                    <key>value</key>
                    <string>1.000000</string>
                </dict>
                <key>Width</key>
                <dict>
                    <key>value</key>
                    <string>1808.250488</string>
                </dict>
                <key>muted</key>
                <string>0</string>
                <key>solo</key>
                <string>0</string>
                <key>initSection</key>
                <string>0</string>
                <key>parentScreenId</key>
                <string>937</string>
            </dict>
        </array>
    </dict>
</plist>
