<?xml version="1.0" encoding="UTF-8"?>
<!DOCTYPE plist PUBLIC "-//Apple//DTD PLIST 1.0//EN" "http://www.apple.com/DTDs/PropertyList-1.0.dtd"/>

<plist version="1.0">
    <dict>
        <key>ROOT</key>
        <array>
            <dict>
                <key>id</key>
                <string>2275</string>
                <key>className</key>
                <string>PTModelLinker</string>
                <key>Name</key>
                <dict>
                    <key>visible</key>
                    <string>0</string>
                    <key>value</key>
                    <string></string>
                </dict>
            </dict>
            <dict>
                <key>id</key>
                <string>2336</string>
                <key>className</key>
                <string>PTModelLinker</string>
                <key>Name</key>
                <dict>
                    <key>visible</key>
                    <string>0</string>
                    <key>value</key>
                    <string></string>
                </dict>
            </dict>
            <dict>
                <key>id</key>
                <string>2337</string>
                <key>className</key>
                <string>PTModelLinker</string>
                <key>Name</key>
                <dict>
                    <key>visible</key>
                    <string>0</string>
                    <key>value</key>
                    <string></string>
                </dict>
            </dict>
            <dict>
                <key>id</key>
                <string>2338</string>
                <key>className</key>
                <string>PTModelLinker</string>
                <key>Name</key>
                <dict>
                    <key>visible</key>
                    <string>0</string>
                    <key>value</key>
                    <string></string>
                </dict>
            </dict>
            <dict>
                <key>id</key>
                <string>2339</string>
                <key>className</key>
                <string>PTModelLinker</string>
                <key>Name</key>
                <dict>
                    <key>visible</key>
                    <string>0</string>
                    <key>value</key>
                    <string></string>
                </dict>
            </dict>
            <dict>
                <key>id</key>
                <string>2951</string>
                <key>className</key>
                <string>PTModelLinker</string>
                <key>Name</key>
                <dict>
                    <key>visible</key>
                    <string>0</string>
                    <key>value</key>
                    <string></string>
                </dict>
            </dict>
            <dict>
                <key>id</key>
                <string>2952</string>
                <key>className</key>
                <string>PTModelLinker</string>
                <key>Name</key>
                <dict>
                    <key>visible</key>
                    <string>0</string>
                    <key>value</key>
                    <string></string>
                </dict>
            </dict>
            <dict>
                <key>id</key>
                <string>2953</string>
                <key>className</key>
                <string>PTModelLinker</string>
                <key>Name</key>
                <dict>
                    <key>visible</key>
                    <string>0</string>
                    <key>value</key>
                    <string></string>
                </dict>
            </dict>
            <dict>
                <key>id</key>
                <string>5916</string>
                <key>className</key>
                <string>PTModelLinker</string>
                <key>Name</key>
                <dict>
                    <key>visible</key>
                    <string>0</string>
                    <key>value</key>
                    <string></string>
                </dict>
            </dict>
        </array>
    </dict>
</plist>
