<?xml version="1.0" encoding="UTF-8"?>
<!DOCTYPE plist PUBLIC "-//Apple//DTD PLIST 1.0//EN" "http://www.apple.com/DTDs/PropertyList-1.0.dtd"/>

<plist version="1.0">
    <dict>
        <key>ROOT</key>
        <array>
            <dict>
                <key>id</key>
                <string>3554</string>
                <key>Animation</key>
                <dict>
                    <key>value</key>
                    <string>3579</string>
                </dict>
            </dict>
            <dict>
                <key>id</key>
                <string>4761</string>
                <key>Animation</key>
                <dict>
                    <key>value</key>
                    <string>4785</string>
                </dict>
            </dict>
        </array>
    </dict>
</plist>
