<?xml version="1.0" encoding="UTF-8"?>
<!DOCTYPE plist PUBLIC "-//Apple//DTD PLIST 1.0//EN" "http://www.apple.com/DTDs/PropertyList-1.0.dtd"/>

<plist version="1.0">
    <dict>
        <key>ROOT</key>
        <array>
            <dict>
                <key>id</key>
                <string>103</string>
                <key>children</key>
                <array>
                    <string>217</string>
                    <string>429</string>
                    <string>515</string>
                    <string>605</string>
                    <string>610</string>
                    <string>641</string>
                </array>
                <key>childLinkers</key>
                <array/>
            </dict>
            <dict>
                <key>id</key>
                <string>1395</string>
                <key>children</key>
                <array>
                    <string>1826</string>
                    <string>2046</string>
                    <string>2054</string>
                    <string>2154</string>
                    <string>2178</string>
                    <string>2237</string>
                    <string>2244</string>
                    <string>2246</string>
                    <string>2248</string>
                    <string>2250</string>
                    <string>2278</string>
                    <string>2323</string>
                    <string>2327</string>
                    <string>2331</string>
                    <string>2335</string>
                    <string>5567</string>
                    <string>5577</string>
                    <string>5772</string>
                    <string>5778</string>
                    <string>5784</string>
                    <string>5790</string>
                    <string>5796</string>
                    <string>5802</string>
                    <string>5808</string>
                    <string>5814</string>
                    <string>5820</string>
                    <string>5826</string>
                    <string>5832</string>
                    <string>5838</string>
                    <string>5844</string>
                    <string>5850</string>
                    <string>5856</string>
                    <string>5862</string>
                    <string>5868</string>
                    <string>5874</string>
                    <string>5880</string>
                    <string>5886</string>
                </array>
                <key>childLinkers</key>
                <array>
                    <string>2336</string>
                    <string>2337</string>
                    <string>2338</string>
                    <string>2339</string>
                </array>
            </dict>
            <dict>
                <key>id</key>
                <string>1407</string>
                <key>children</key>
                <array>
                    <string>1788</string>
                    <string>1790</string>
                    <string>1792</string>
                    <string>1794</string>
                    <string>1796</string>
                    <string>1974</string>
                </array>
                <key>childLinkers</key>
                <array/>
            </dict>
            <dict>
                <key>id</key>
                <string>1762</string>
                <key>children</key>
                <array>
                    <string>1765</string>
                    <string>1767</string>
                    <string>1769</string>
                    <string>1771</string>
                    <string>1773</string>
                    <string>2590</string>
                    <string>2595</string>
                    <string>2601</string>
                </array>
                <key>childLinkers</key>
                <array/>
            </dict>
            <dict>
                <key>id</key>
                <string>1774</string>
                <key>children</key>
                <array>
                    <string>1777</string>
                    <string>1779</string>
                    <string>1781</string>
                    <string>1783</string>
                    <string>1785</string>
                    <string>2001</string>
                    <string>2109</string>
                    <string>2111</string>
                </array>
                <key>childLinkers</key>
                <array/>
            </dict>
            <dict>
                <key>id</key>
                <string>2203</string>
                <key>children</key>
                <array>
                    <string>2206</string>
                    <string>2208</string>
                    <string>2210</string>
                    <string>2212</string>
                    <string>2214</string>
                    <string>2273</string>
                    <string>2274</string>
                </array>
                <key>childLinkers</key>
                <array>
                    <string>2275</string>
                </array>
            </dict>
            <dict>
                <key>id</key>
                <string>2846</string>
                <key>children</key>
                <array>
                    <string>2849</string>
                    <string>2851</string>
                    <string>2853</string>
                    <string>2855</string>
                    <string>2857</string>
                    <string>2910</string>
                    <string>2917</string>
                    <string>2920</string>
                </array>
                <key>childLinkers</key>
                <array/>
            </dict>
            <dict>
                <key>id</key>
                <string>2930</string>
                <key>children</key>
                <array>
                    <string>2933</string>
                    <string>2935</string>
                    <string>2937</string>
                    <string>2939</string>
                    <string>2942</string>
                    <string>2944</string>
                    <string>2946</string>
                    <string>2948</string>
                    <string>2950</string>
                    <string>6596</string>
                    <string>6609</string>
                    <string>6615</string>
                </array>
                <key>childLinkers</key>
                <array>
                    <string>2951</string>
                    <string>2952</string>
                    <string>2953</string>
                </array>
            </dict>
            <dict>
                <key>id</key>
                <string>3215</string>
                <key>children</key>
                <array>
                    <string>3218</string>
                    <string>3255</string>
                    <string>3463</string>
                    <string>3465</string>
                    <string>3467</string>
                    <string>3469</string>
                    <string>3471</string>
                    <string>3473</string>
                </array>
                <key>childLinkers</key>
                <array/>
            </dict>
            <dict>
                <key>id</key>
                <string>3540</string>
                <key>children</key>
                <array>
                    <string>3543</string>
                    <string>3545</string>
                    <string>3547</string>
                    <string>3549</string>
                    <string>3551</string>
                    <string>3553</string>
                    <string>5136</string>
                    <string>5142</string>
                    <string>5155</string>
                    <string>5914</string>
                </array>
                <key>childLinkers</key>
                <array>
                    <string>5916</string>
                </array>
            </dict>
            <dict>
                <key>id</key>
                <string>1687</string>
                <key>children</key>
                <array>
                    <string>1692</string>
                </array>
                <key>childLinkers</key>
                <array/>
            </dict>
            <dict>
                <key>id</key>
                <string>4334</string>
                <key>children</key>
                <array>
                    <string>4337</string>
                    <string>4339</string>
                    <string>4341</string>
                    <string>4343</string>
                    <string>4403</string>
                    <string>4405</string>
                    <string>4407</string>
                    <string>4409</string>
                    <string>6819</string>
                </array>
                <key>childLinkers</key>
                <array/>
            </dict>
            <dict>
                <key>id</key>
                <string>4503</string>
                <key>children</key>
                <array>
                    <string>4507</string>
                    <string>4509</string>
                    <string>4511</string>
                    <string>4513</string>
                    <string>4518</string>
                    <string>4520</string>
                    <string>4534</string>
                    <string>4536</string>
                    <string>4736</string>
                    <string>4980</string>
                    <string>4982</string>
                    <string>5910</string>
                </array>
                <key>childLinkers</key>
                <array/>
            </dict>
            <dict>
                <key>id</key>
                <string>1663</string>
                <key>children</key>
                <array>
                    <string>1668</string>
                </array>
                <key>childLinkers</key>
                <array/>
            </dict>
            <dict>
                <key>id</key>
                <string>1639</string>
                <key>children</key>
                <array>
                    <string>1644</string>
                </array>
                <key>childLinkers</key>
                <array/>
            </dict>
            <dict>
                <key>id</key>
                <string>1694</string>
                <key>children</key>
                <array/>
                <key>childLinkers</key>
                <array/>
            </dict>
            <dict>
                <key>id</key>
                <string>1670</string>
                <key>children</key>
                <array/>
                <key>childLinkers</key>
                <array/>
            </dict>
            <dict>
                <key>id</key>
                <string>1646</string>
                <key>children</key>
                <array/>
                <key>childLinkers</key>
                <array/>
            </dict>
            <dict>
                <key>id</key>
                <string>1249</string>
                <key>children</key>
                <array>
                    <string>1251</string>
                </array>
                <key>childLinkers</key>
                <array/>
            </dict>
            <dict>
                <key>id</key>
                <string>104</string>
                <key>children</key>
                <array>
                    <string>394</string>
                    <string>426</string>
                    <string>463</string>
                    <string>475</string>
                    <string>484</string>
                    <string>499</string>
                    <string>582</string>
                    <string>594</string>
                    <string>596</string>
                    <string>755</string>
                    <string>935</string>
                    <string>951</string>
                </array>
                <key>childLinkers</key>
                <array/>
            </dict>
            <dict>
                <key>id</key>
                <string>938</string>
                <key>children</key>
                <array>
                    <string>1113</string>
                </array>
                <key>childLinkers</key>
                <array/>
            </dict>
            <dict>
                <key>id</key>
                <string>939</string>
                <key>children</key>
                <array>
                    <string>1017</string>
                    <string>1035</string>
                    <string>1047</string>
                    <string>1133</string>
                    <string>1154</string>
                </array>
                <key>childLinkers</key>
                <array/>
            </dict>
        </array>
    </dict>
</plist>
